代码,名称,原总市值(亿),预测总市值(亿),市值差比率
600004,白云机场,202.0,231.53,14.62%
600006,东风汽车,75.6,93.69,23.93%
600007,中国国贸,135.0,157.62,16.76%
600008,首创股份,200.0,170.84,-14.58%
600009,上海机场,946.0,646.53,-31.66%
600010,包钢股份,697.0,527.3,-24.35%
600011,华能国际,1094.0,792.78,-27.53%
600012,皖通高速,95.4,67.4,-29.35%
600017,日照港,89.2,109.19,22.41%
600018,上港集团,1231.0,1218.95,-0.98%
600019,宝钢股份,1501.0,2082.08,38.71%
600020,中原高速,83.4,80.64,-3.31%
600021,上海电力,216.0,117.05,-45.81%
600022,山东钢铁,178.0,307.56,72.79%
600023,浙能电力,624.0,871.26,39.62%
600025,华能水电,594.0,326.82,-44.98%
600026,中远海能,195.0,158.21,-18.87%
600027,华电国际,444.0,421.49,-5.07%
600028,中国石化,6477.0,6516.15,0.60%
600029,南方航空,902.0,719.41,-20.24%
600031,三一重工,638.0,702.71,10.14%
600035,楚天高速,54.6,48.72,-10.77%
600037,歌华有线,128.0,144.29,12.73%
600038,中直股份,241.0,287.87,19.45%
600039,四川路桥,123.0,123.77,0.63%
600048,保利地产,1426.0,1438.46,0.87%
600050,中国联通,1663.0,1644.39,-1.12%
600051,宁波联合,17.8,-6.64,-137.30%
600052,浙江广厦,26.8,27.36,2.09%
600053,九鼎投资,98.4,148.88,51.30%
600054,黄山旅游,72.2,49.85,-30.96%
600055,万东医疗,54.6,62.25,14.01%
600056,中国医药,134.0,123.99,-7.47%
600057,厦门象屿,93.0,97.67,5.02%
600058,五矿发展,73.3,84.15,14.80%
600059,古越龙山,55.1,55.48,0.69%
600060,海信电器,113.0,116.98,3.52%
600061,国投资本,409.0,533.62,30.47%
600062,华润双鹤,122.0,114.6,-6.07%
600063,皖维高新,49.3,53.0,7.51%
600064,南京高科,96.9,63.76,-34.20%
600066,宇通客车,271.0,266.57,-1.63%
600067,冠城大通,55.7,59.82,7.40%
600068,葛洲坝,296.0,365.99,23.65%
600069,银鸽投资,50.3,54.35,8.05%
600070,浙江富润,35.2,18.95,-46.16%
600071,凤凰光学,19.6,35.57,81.48%
600072,中船科技,56.2,58.66,4.38%
600073,上海梅林,68.6,77.36,12.77%
600074,*ST保千,29.5,35.27,19.56%
600075,新疆天业,47.1,47.17,0.15%
600076,康欣新材,43.5,49.03,12.71%
600077,宋都股份,36.6,53.07,45.00%
600078,澄星股份,22.3,23.31,4.53%
600079,人福医药,126.0,149.42,18.59%
600080,金花股份,25.7,22.83,-11.17%
600081,东风科技,24.6,28.56,16.10%
600083,博信股份,38.6,75.29,95.05%
600084,中葡股份,34.3,38.73,12.92%
600085,同仁堂,370.0,350.66,-5.23%
600086,东方金钰,62.0,58.47,-5.69%
600089,特变电工,275.0,368.16,33.88%
600090,同济堂,79.6,68.24,-14.27%
600091,ST明科,17.1,8.2,-52.05%
600093,易见股份,91.3,111.03,21.61%
600094,大名城,92.6,133.13,43.77%
600095,哈高科,14.6,22.71,55.55%
600096,云天化,68.1,61.41,-9.82%
600097,开创国际,25.3,2.69,-89.37%
600098,广州发展,157.0,170.23,8.43%
600100,同方股份,300.0,338.01,12.67%
600101,明星电力,22.6,19.28,-14.69%
600103,青山纸业,49.1,38.11,-22.38%
600104,上汽集团,2941.0,3384.06,15.06%
600105,永鼎股份,64.7,62.53,-3.35%
600107,美尔雅,23.2,40.52,74.66%
600108,亚盛集团,52.8,48.37,-8.39%
600110,诺德股份,48.0,52.74,9.88%
600111,北方稀土,329.0,288.36,-12.35%
600112,天成控股,22.5,28.73,27.69%
600114,东睦股份,42.7,43.15,1.05%
600115,东方航空,735.0,720.71,-1.94%
600116,三峡水利,75.0,86.97,15.96%
600117,西宁特钢,36.1,38.43,6.45%
600118,中国卫星,227.0,245.53,8.16%
600119,长江投资,23.3,50.01,114.64%
600120,浙江东方,117.0,71.65,-38.76%
600121,郑州煤电,30.8,1.7,-94.48%
600122,宏图高科,43.7,19.88,-54.51%
600123,兰花科创,76.1,57.81,-24.03%
600125,铁龙物流,93.0,88.94,-4.37%
600126,杭钢股份,157.0,156.43,-0.36%
600127,金健米业,19.4,24.48,26.19%
600128,弘业股份,20.3,23.91,17.78%
600129,太极集团,48.6,49.5,1.85%
600130,波导股份,30.4,29.51,-2.93%
600131,岷江水电,31.4,35.12,11.85%
600133,东湖高新,44.5,38.26,-14.02%
600135,乐凯胶片,23.7,15.82,-33.25%
600136,当代明诚,40.8,45.98,12.70%
600137,浪莎股份,13.1,23.51,79.47%
600138,中青旅,95.1,93.71,-1.46%
600139,西部资源,21.4,35.54,66.07%
600141,兴发集团,73.8,66.08,-10.46%
600143,金发科技,137.0,154.19,12.55%
600146,商赢环球,32.1,19.58,-39.00%
600148,长春一东,21.5,57.48,167.35%
600150,*ST船舶,189.0,219.88,16.34%
600151,航天机电,62.4,68.56,9.87%
600152,维科技术,27.7,23.93,-13.61%
600153,建发股份,207.0,240.75,16.30%
600155,华创阳安,142.0,186.58,31.39%
600156,华升股份,17.9,25.17,40.61%
600157,永泰能源,216.0,185.1,-14.31%
600158,中体产业,78.2,74.18,-5.14%
600160,巨化股份,185.0,221.03,19.48%
600161,天坛生物,168.0,176.43,5.02%
600162,香江控股,77.2,83.96,8.76%
600163,中闽能源,33.1,44.07,33.14%
600165,新日恒力,34.0,21.9,-35.59%
600166,福田汽车,125.0,101.98,-18.42%
600167,联美控股,172.0,120.03,-30.22%
600168,武汉控股,42.5,49.47,16.40%
600169,太原重工,61.3,70.27,14.63%
600170,上海建工,276.0,307.83,11.53%
600171,上海贝岭,69.8,74.1,6.16%
600172,黄河旋风,49.9,53.9,8.02%
600173,卧龙地产,28.4,32.64,14.93%
600175,美都能源,82.6,123.95,50.06%
600176,中国巨石,335.0,373.64,11.53%
600177,雅戈尔,263.0,371.96,41.43%
600178,东安动力,21.4,19.63,-8.27%
600179,安通控股,95.2,68.01,-28.56%
600180,瑞茂通,72.1,82.25,14.08%
600182,S佳通,54.7,61.23,11.94%
600183,生益科技,215.0,210.31,-2.18%
600184,光电股份,52.4,59.17,12.92%
600185,格力地产,87.1,102.64,17.84%
600186,莲花健康,21.9,30.3,38.36%
600187,国中水务,46.1,53.43,15.90%
600188,兖州煤业,424.0,223.05,-47.39%
600189,吉林森工,28.0,20.3,-27.50%
600190,锦州港,67.5,84.48,25.16%
600191,华资实业,20.5,-5.7,-127.80%
600192,长城电工,23.9,25.96,8.62%
600195,中牧股份,64.7,64.43,-0.42%
600196,复星医药,568.0,543.62,-4.29%
600197,伊力特,58.6,58.47,-0.22%
600198,*ST大唐,61.5,85.06,38.31%
600199,金种子酒,26.7,24.33,-8.88%
600200,江苏吴中,46.9,54.59,16.40%
600201,生物股份,185.0,201.45,8.89%
600202,*ST哈空,13.8,18.95,37.32%
600203,福日电子,23.2,19.68,-15.17%
600206,有研新材,60.7,63.61,4.79%
600207,安彩高科,40.0,26.32,-34.20%
600208,新湖中宝,251.0,408.69,62.82%
600210,紫江企业,55.2,54.71,-0.89%
600211,西藏药业,53.2,48.44,-8.95%
600213,亚星客车,15.2,32.14,111.45%
600215,长春经开,33.4,28.43,-14.88%
600216,浙江医药,83.7,77.83,-7.01%
600217,中再资环,58.7,64.49,9.86%
600218,全柴动力,18.6,14.26,-23.33%
600219,南山铝业,263.0,340.18,29.35%
600221,海航控股,328.0,543.24,65.62%
600222,太龙药业,20.9,25.16,20.38%
600223,鲁商置业,31.1,40.14,29.07%
600225,天津松江,29.8,39.24,31.68%
600226,瀚叶股份,97.3,68.02,-30.09%
600227,圣济堂,51.0,49.25,-3.43%
600228,ST昌九,19.4,33.9,74.74%
600229,城市传媒,50.2,63.32,26.14%
600230,沧州大化,67.3,42.18,-37.33%
600231,凌钢股份,77.3,75.59,-2.21%
600232,金鹰股份,19.0,17.55,-7.63%
600233,圆通速递,293.0,168.66,-42.44%
600234,ST山水,15.6,36.49,133.91%
600235,民丰特纸,21.6,23.28,7.78%
600236,桂冠电力,332.0,220.59,-33.56%
600237,铜峰电子,20.7,17.94,-13.33%
600238,*ST椰岛,23.3,34.12,46.44%
600239,云南城投,50.6,95.01,87.77%
600240,华业资本,39.0,50.09,28.44%
600241,时代万恒,17.5,15.88,-9.26%
600242,中昌数据,81.3,84.3,3.69%
600243,青海华鼎,18.7,16.37,-12.46%
600246,万通地产,71.9,74.36,3.42%
600248,延长化建,37.2,25.35,-31.85%
600249,两面针,21.2,10.15,-52.12%
600250,南纺股份,20.2,33.73,66.98%
600251,冠农股份,39.9,45.06,12.93%
600252,中恒集团,91.4,98.38,7.64%
600255,梦舟股份,37.0,37.92,2.49%
600256,广汇能源,262.0,297.96,13.73%
600257,大湖股份,21.8,19.95,-8.49%
600258,首旅酒店,143.0,126.18,-11.76%
600259,广晟有色,69.8,101.46,45.36%
600260,凯乐科技,129.0,139.53,8.16%
600261,阳光照明,49.7,48.08,-3.26%
600262,北方股份,31.2,16.69,-46.51%
600265,ST景谷,35.9,111.51,210.61%
600267,海正药业,76.7,78.37,2.18%
600268,国电南自,36.1,33.38,-7.53%
600269,赣粤高速,93.6,90.64,-3.16%
600271,航天信息,462.0,399.26,-13.58%
600273,嘉化能源,135.0,149.78,10.95%
600275,ST昌鱼,14.6,17.23,18.01%
600276,恒瑞医药,2060.0,1827.5,-11.29%
600277,亿利洁能,155.0,202.18,30.44%
600278,东方创业,43.5,18.23,-58.09%
600279,重庆港九,28.5,28.2,-1.05%
600280,中央商场,40.1,39.27,-2.07%
600281,太化股份,19.3,26.77,38.70%
600282,南钢股份,158.0,203.1,28.54%
600283,钱江水利,39.5,48.01,21.54%
600284,浦东建设,50.0,58.31,16.62%
600285,羚锐制药,43.5,46.53,6.97%
600287,江苏舜天,22.7,-0.08,-100.35%
600288,大恒科技,31.9,39.12,22.63%
600289,*ST信通,17.8,33.01,85.45%
600290,华仪电气,41.3,37.53,-9.13%
600292,远达环保,40.8,39.24,-3.82%
600293,三峡新材,49.5,38.92,-21.37%
600295,鄂尔多斯,79.8,36.0,-54.89%
600297,广汇汽车,350.0,456.48,30.42%
600298,安琪酵母,200.0,235.67,17.83%
600299,安迪苏,305.0,287.01,-5.90%
600300,维维股份,49.3,48.56,-1.50%
600302,标准股份,18.1,9.08,-49.83%
600303,曙光股份,27.8,23.99,-13.71%
600305,恒顺醋业,85.4,94.75,10.95%
600306,商业城,12.0,37.15,209.58%
600307,酒钢宏兴,125.0,187.5,50.00%
600308,华泰股份,53.6,57.38,7.05%
600309,万华化学,845.0,845.95,0.11%
600310,桂东电力,33.7,38.2,13.35%
600311,荣华实业,25.4,21.19,-16.57%
600312,平高电气,114.0,123.37,8.22%
600313,农发种业,25.9,27.13,4.75%
600315,上海家化,182.0,212.52,16.77%
600316,洪都航空,76.7,86.24,12.44%
600317,营口港,156.0,158.88,1.85%
600318,新力金融,34.6,59.67,72.46%
600319,亚星化学,15.4,22.93,48.90%
600320,振华重工,178.0,152.52,-14.31%
600321,*ST正源,29.2,25.32,-13.29%
600322,天房发展,35.8,46.81,30.75%
600323,瀚蓝环境,105.0,110.46,5.20%
600325,华发股份,135.0,203.04,50.40%
600326,西藏天路,60.3,50.0,-17.08%
600327,大东方,31.8,17.3,-45.60%
600328,兰太实业,31.8,20.23,-36.38%
600329,中新药业,96.9,87.0,-10.22%
600330,天通股份,60.2,71.26,18.37%
600331,宏达股份,45.1,50.1,11.09%
600332,白云山,568.0,493.82,-13.06%
600333,长春燃气,35.8,41.59,16.17%
600335,国机汽车,68.8,74.34,8.05%
600336,澳柯玛,29.6,32.56,10.00%
600337,美克家居,70.5,79.96,13.42%
600338,西藏珠峰,127.0,173.78,36.83%
600339,中油工程,216.0,170.04,-21.28%
600340,华夏幸福,784.0,900.29,14.83%
600343,航天动力,55.1,66.63,20.93%
600345,长江通信,46.2,36.75,-20.45%
600346,恒力股份,687.0,440.15,-35.93%
600350,山东高速,212.0,300.71,41.84%
600351,亚宝药业,45.1,49.21,9.11%
600352,浙江龙盛,300.0,359.31,19.77%
600353,旭光股份,26.4,29.65,12.31%
600354,敦煌种业,20.6,25.64,24.47%
600355,精伦电子,19.0,20.69,8.89%
600356,恒丰纸业,17.8,1.39,-92.19%
600359,新农开发,17.0,21.3,25.29%
600360,华微电子,41.8,46.06,10.19%
600361,华联综超,24.3,28.42,16.95%
600362,江西铜业,466.0,320.95,-31.13%
600363,联创光电,38.8,40.96,5.57%
600365,通葡股份,15.7,16.18,3.06%
600366,宁波韵升,54.4,55.12,1.32%
600367,红星发展,22.3,17.11,-23.27%
600368,五洲交通,35.8,44.13,23.27%
600371,万向德农,15.1,26.96,78.54%
600372,中航电子,257.0,258.8,0.70%
600373,中文传媒,169.0,230.15,36.18%
600375,华菱星马,21.8,17.3,-20.64%
600376,首开股份,194.0,294.57,51.84%
600377,宁沪高速,494.0,481.81,-2.47%
600378,天科股份,27.4,39.55,44.34%
600379,宝光股份,16.5,26.53,60.79%
600380,健康元,131.0,96.2,-26.56%
600381,青海春天,35.6,36.54,2.64%
600382,广东明珠,37.3,18.68,-49.92%
600383,金地集团,456.0,504.18,10.57%
600386,北巴传媒,29.3,28.83,-1.60%
600387,海越能源,37.8,19.47,-48.49%
600388,龙净环保,110.0,127.45,15.86%
600389,江山股份,50.4,58.36,15.79%
600390,五矿资本,273.0,315.34,15.51%
600391,航发科技,41.4,61.86,49.42%
600392,盛和资源,160.0,141.8,-11.37%
600393,粤泰股份,59.6,62.34,4.60%
600395,盘江股份,83.6,98.12,17.37%
600396,金山股份,30.6,28.39,-7.22%
600397,*ST安煤,22.6,28.09,24.29%
600398,海澜之家,374.0,403.47,7.88%
600399,*ST抚钢,31.7,36.09,13.85%
600400,红豆股份,96.0,96.44,0.46%
600403,大有能源,92.0,99.96,8.65%
600405,动力源,26.5,33.09,24.87%
600406,国电南瑞,879.0,530.56,-39.64%
600408,*ST安泰,26.9,16.67,-38.03%
600409,三友化工,119.0,158.31,33.03%
600410,华胜天成,71.5,80.6,12.73%
600415,小商品城,212.0,232.35,9.60%
600416,湘电股份,57.3,59.97,4.66%
600418,江淮汽车,94.7,119.72,26.42%
600419,天润乳业,28.6,45.27,58.29%
600420,现代制药,95.8,66.87,-30.20%
600421,ST仰帆,14.7,19.92,35.51%
600422,昆药集团,48.5,60.66,25.07%
600423,*ST柳化,13.4,20.05,49.63%
600425,青松建化,43.6,28.95,-33.60%
600426,华鲁恒升,198.0,243.26,22.86%
600428,中远海特,74.7,74.77,0.09%
600429,三元股份,78.9,69.22,-12.27%
600433,冠豪高新,45.9,47.9,4.36%
600435,北方导航,122.0,114.6,-6.07%
600436,片仔癀,514.0,649.96,26.45%
600438,通威股份,340.0,310.08,-8.80%
600439,瑞贝卡,33.3,35.89,7.78%
600444,国机通用,14.5,24.5,68.97%
600446,金证股份,89.5,98.25,9.78%
600448,华纺股份,24.9,30.0,20.48%
600449,宁夏建材,36.7,14.82,-59.62%
600452,涪陵电力,40.8,64.03,56.94%
600455,博通股份,14.2,71.03,400.21%
600456,宝钛股份,70.6,78.13,10.67%
600458,时代新材,58.8,60.65,3.15%
600459,贵研铂业,45.1,52.66,16.76%
600460,士兰微,117.0,123.15,5.26%
600461,洪城水业,44.1,37.13,-15.80%
600462,九有股份,18.0,23.81,32.28%
600463,空港股份,23.8,33.29,39.87%
600466,蓝光发展,160.0,200.21,25.13%
600467,好当家,38.4,38.76,0.94%
600468,百利电气,46.9,50.7,8.10%
600469,风神股份,21.6,17.9,-17.13%
600470,六国化工,20.7,20.69,-0.05%
600475,华光股份,48.6,26.38,-45.72%
600476,湘邮科技,20.9,54.39,160.24%
600477,杭萧钢构,66.6,65.71,-1.34%
600478,科力远,68.3,66.16,-3.13%
600479,千金药业,33.4,32.36,-3.11%
600480,凌云股份,38.1,21.13,-44.54%
600481,双良节能,58.7,55.22,-5.93%
600482,中国动力,387.0,335.21,-13.38%
600483,福能股份,133.0,111.14,-16.44%
600486,扬农化工,120.0,136.16,13.47%
600487,亨通光电,356.0,388.19,9.04%
600488,天药股份,42.3,40.6,-4.02%
600489,中金黄金,290.0,266.96,-7.94%
600490,鹏欣资源,103.0,88.71,-13.87%
600491,龙元建设,101.0,106.5,5.45%
600493,凤竹纺织,16.8,20.52,22.14%
600495,晋西车轴,56.3,55.45,-1.51%
600496,精工钢构,50.9,47.51,-6.66%
600497,驰宏锌锗,220.0,237.51,7.96%
600498,烽火通信,340.0,348.44,2.48%
600499,科达洁能,69.9,75.63,8.20%
600500,中化国际,144.0,117.11,-18.67%
600501,航天晨光,28.9,28.47,-1.49%
600502,安徽水利,65.1,76.24,17.11%
600503,华丽家族,53.0,64.0,20.75%
600505,西昌电力,17.8,24.14,35.62%
600506,香梨股份,16.0,32.21,101.31%
600507,方大特钢,157.0,171.15,9.01%
600508,上海能源,71.3,63.76,-10.58%
600509,天富能源,43.4,55.0,26.73%
600510,黑牡丹,64.9,63.1,-2.77%
600511,国药股份,164.0,90.46,-44.84%
600512,腾达建设,37.1,52.38,41.19%
600513,联环药业,17.8,23.75,33.43%
600515,海航基础,194.0,317.27,63.54%
600516,方大炭素,305.0,363.37,19.14%
600517,置信电气,55.2,50.78,-8.01%
600518,康美药业,373.0,499.42,33.89%
600519,贵州茅台,7988.0,8028.33,0.50%
600520,文一科技,20.8,51.25,146.39%
600521,华海药业,133.0,156.95,18.01%
600522,中天科技,261.0,321.87,23.32%
600523,贵航股份,41.5,44.32,6.80%
600525,长园集团,61.1,100.35,64.24%
600526,菲达环保,26.4,27.2,3.03%
600527,江南高纤,31.5,23.57,-25.17%
600528,中铁工业,251.0,257.81,2.71%
600529,山东药玻,79.0,78.82,-0.23%
600530,交大昂立,35.8,37.95,6.01%
600531,豫光金铅,40.1,44.98,12.17%
600532,宏达矿业,21.4,26.27,22.76%
600533,栖霞建设,33.1,43.16,30.39%
600535,天士力,272.0,292.6,7.57%
600536,中国软件,107.0,150.02,40.21%
600537,亿晶光电,36.7,41.51,13.11%
600540,新赛股份,18.0,20.69,14.94%
600543,莫高股份,21.7,23.2,6.91%
600546,山煤国际,65.8,-8.78,-113.34%
600547,山东黄金,674.0,478.12,-29.06%
600548,深高速,196.0,139.24,-28.96%
600549,厦门钨业,173.0,165.3,-4.45%
600550,保变电气,80.1,76.7,-4.24%
600551,时代出版,44.9,38.0,-15.37%
600552,凯盛科技,29.6,26.85,-9.29%
600555,海航创新,38.1,32.27,-15.30%
600556,ST慧球,23.1,35.51,53.72%
600557,康缘药业,62.3,65.84,5.68%
600558,大西洋,30.4,28.79,-5.30%
600559,老白干酒,85.1,86.7,1.88%
600560,金自天正,19.3,34.52,78.86%
600561,江西长运,13.9,4.16,-70.07%
600562,国睿科技,87.8,107.46,22.39%
600563,法拉电子,97.9,162.43,65.91%
600565,迪马股份,67.1,89.29,33.07%
600566,济川药业,260.0,311.55,19.83%
600567,山鹰纸业,148.0,236.78,59.99%
600568,中珠医疗,50.6,55.13,8.95%
600569,安阳钢铁,75.2,127.59,69.67%
600570,恒生电子,346.0,431.7,24.77%
600571,信雅达,32.3,29.0,-10.22%
600572,康恩贝,157.0,161.81,3.06%
600573,惠泉啤酒,17.4,10.0,-42.53%
600575,皖江物流,89.0,102.86,15.57%
600576,祥源文化,28.7,30.24,5.37%
600577,精达股份,60.6,55.94,-7.69%
600578,京能电力,200.0,260.55,30.28%
600579,天华院,32.9,39.75,20.82%
600580,卧龙电气,88.1,99.96,13.46%
600581,八一钢铁,55.5,71.4,28.65%
600582,天地科技,146.0,145.0,-0.68%
600583,海油工程,231.0,228.41,-1.12%
600584,长电科技,141.0,142.92,1.36%
600585,海螺水泥,1572.0,1585.18,0.84%
600586,金晶科技,43.7,51.51,17.87%
600587,新华医疗,52.9,56.72,7.22%
600588,用友网络,462.0,428.05,-7.35%
600589,广东榕泰,30.3,30.38,0.26%
600590,泰豪科技,51.3,66.58,29.79%
600592,龙溪股份,25.2,20.92,-16.98%
600593,大连圣亚,34.6,92.82,168.27%
600594,益佰制药,45.5,52.78,16.00%
600595,中孚实业,44.9,65.26,45.35%
600596,新安股份,78.3,77.97,-0.42%
600597,光明乳业,103.0,111.44,8.19%
600598,北大荒,149.0,169.17,13.54%
600600,青岛啤酒,449.0,277.97,-38.09%
600601,方正科技,59.0,51.88,-12.07%
600602,云赛智联,76.9,57.65,-25.03%
600603,广汇物流,53.5,36.7,-31.40%
600604,市北高新,135.0,124.38,-7.87%
600605,汇通能源,14.4,15.68,8.89%
600606,绿地控股,761.0,843.2,10.80%
600609,金杯汽车,36.5,26.65,-26.99%
600611,大众交通,97.4,62.61,-35.72%
600612,老凤祥,220.0,172.38,-21.65%
600613,神奇制药,27.4,26.67,-2.66%
600614,鹏起科技,99.9,100.65,0.75%
600615,丰华股份,20.0,24.71,23.55%
600616,金枫酒业,25.7,26.91,4.71%
600617,国新能源,52.5,62.23,18.53%
600618,氯碱化工,77.8,74.2,-4.63%
600619,海立股份,73.5,64.43,-12.34%
600620,天宸股份,36.7,8.46,-76.95%
600621,华鑫股份,99.5,76.34,-23.28%
600622,光大嘉宝,67.6,66.32,-1.89%
600623,华谊集团,169.0,211.31,25.04%
600624,复旦复华,42.1,55.21,31.14%
600626,申达股份,36.9,28.78,-22.01%
600628,新世界,42.0,24.31,-42.12%
600629,华建集团,48.4,62.48,29.09%
600630,龙头股份,30.4,36.56,20.26%
600633,浙数文化,114.0,141.26,23.91%
600634,*ST富控,17.0,54.73,221.94%
600635,大众公用,141.0,134.19,-4.83%
600636,三爱富,53.5,40.63,-24.06%
600637,东方明珠,357.0,431.33,20.82%
600638,新黄浦,60.3,71.07,17.86%
600639,浦东金桥,130.0,116.5,-10.38%
600640,号百控股,84.4,77.17,-8.57%
600641,万业企业,76.3,61.92,-18.85%
600642,申能股份,231.0,226.66,-1.88%
600643,爱建集团,140.0,169.35,20.96%
600644,乐山电力,26.2,31.37,19.73%
600645,中源协和,78.8,87.48,11.02%
600647,同达创业,18.3,59.39,224.54%
600648,外高桥,160.0,170.03,6.27%
600650,锦江投资,54.3,21.38,-60.63%
600651,飞乐音响,33.9,31.72,-6.43%
600652,游久游戏,33.7,35.12,4.21%
600653,申华控股,39.1,36.48,-6.70%
600654,ST中安,26.4,16.37,-37.99%
600655,豫园股份,285.0,227.21,-20.28%
600657,信达地产,121.0,130.97,8.24%
600658,电子城,61.3,81.49,32.94%
600660,福耀玻璃,566.0,530.31,-6.31%
600661,昂立教育,57.4,80.65,40.51%
600662,强生控股,46.2,43.11,-6.69%
600663,陆家嘴,442.0,348.37,-21.18%
600664,哈药股份,96.7,82.18,-15.02%
600665,天地源,32.0,41.56,29.88%
600666,奥瑞德,39.9,-14.1,-135.34%
600667,太极实业,115.0,87.91,-23.56%
600668,尖峰集团,41.2,16.88,-59.03%
600671,天目药业,22.8,69.78,206.05%
600673,东阳光科,246.0,189.77,-22.86%
600674,川投能源,365.0,472.95,29.58%
600675,中华企业,278.0,130.48,-53.06%
600676,交运股份,46.6,47.29,1.48%
600677,航天通信,73.6,78.64,6.85%
600678,四川金顶,20.3,29.54,45.52%
600679,上海凤凰,41.8,33.51,-19.83%
600681,百川能源,122.0,89.84,-26.36%
600682,南京新百,120.0,87.74,-26.88%
600683,京投发展,31.8,39.52,24.28%
600684,珠江实业,34.2,49.9,45.91%
600685,中船防务,146.0,84.55,-42.09%
600686,金龙汽车,45.8,51.69,12.86%
600687,刚泰控股,66.5,58.8,-11.58%
600688,上海石化,560.0,454.58,-18.83%
600689,上海三毛,19.5,29.16,49.54%
600690,青岛海尔,896.0,855.42,-4.53%
600691,阳煤化工,44.1,57.7,30.84%
600692,亚通股份,23.4,33.4,42.74%
600693,东百集团,47.2,49.98,5.89%
600694,大商股份,73.4,-9.83,-113.39%
600695,绿庭投资,37.4,28.03,-25.05%
600697,欧亚集团,29.5,9.81,-66.75%
600698,湖南天雁,45.2,44.3,-1.99%
600699,均胜电子,209.0,204.85,-1.99%
600701,*ST工新,26.8,29.94,11.72%
600702,舍得酒业,75.8,113.01,49.09%
600703,三安光电,474.0,536.05,13.09%
600704,物产中大,208.0,193.45,-7.00%
600705,中航资本,404.0,500.1,23.79%
600706,曲江文旅,19.1,24.65,29.06%
600707,彩虹股份,155.0,183.38,18.31%
600708,光明地产,81.6,88.42,8.36%
600710,苏美达,61.7,-1.82,-102.95%
600711,盛屯矿业,92.5,98.27,6.24%
600713,南京医药,44.9,39.7,-11.58%
600714,金瑞矿业,18.0,21.05,16.94%
600715,文投控股,88.3,95.56,8.22%
600716,凤凰股份,32.7,22.18,-32.17%
600717,天津港,125.0,110.42,-11.66%
600718,东软集团,140.0,134.79,-3.72%
600719,大连热电,16.3,22.14,35.83%
600720,祁连山,51.6,42.41,-17.81%
600721,百花村,21.9,11.48,-47.58%
600722,金牛化工,32.0,29.67,-7.28%
600723,首商股份,42.5,29.12,-31.48%
600724,宁波富达,49.6,48.16,-2.90%
600726,华电能源,48.0,37.54,-21.79%
600728,佳都科技,115.0,104.31,-9.30%
600729,重庆百货,113.0,129.72,14.80%
600730,中国高科,29.5,27.73,-6.00%
600731,湖南海利,16.3,12.6,-22.70%
600733,北汽蓝谷,277.0,146.82,-47.00%
600734,实达集团,55.5,47.92,-13.66%
600735,新华锦,21.4,24.39,13.97%
600736,苏州高新,65.3,65.94,0.98%
600737,中粮糖业,151.0,178.5,18.21%
600738,兰州民百,48.5,38.79,-20.02%
600739,辽宁成大,161.0,214.35,33.14%
600740,山西焦化,117.0,122.54,4.74%
600741,华域汽车,591.0,635.36,7.51%
600742,一汽富维,52.8,37.18,-29.58%
600743,华远地产,60.1,84.62,40.80%
600744,华银电力,49.5,51.61,4.26%
600745,闻泰科技,130.0,144.24,10.95%
600747,ST大控,20.1,17.83,-11.29%
600748,上实发展,97.8,93.84,-4.05%
600749,*ST藏旅,21.7,24.41,12.49%
600750,江中药业,70.3,85.23,21.24%
600751,海航科技,83.8,114.3,36.40%
600754,锦江股份,203.0,174.0,-14.29%
600755,厦门国贸,129.0,151.26,17.26%
600756,浪潮软件,50.1,62.64,25.03%
600757,长江传媒,82.2,103.57,26.00%
600758,红阳能源,45.9,32.17,-29.91%
600759,洲际油气,57.3,70.9,23.73%
600760,中航沈飞,433.0,216.54,-49.99%
600761,安徽合力,68.2,57.47,-15.73%
600763,通策医疗,150.0,254.32,69.55%
600764,中国海防,94.4,131.63,39.44%
600765,中航重机,68.2,84.16,23.40%
600767,ST运盛,15.9,23.83,49.87%
600768,宁波富邦,13.8,45.64,230.72%
600770,综艺股份,67.7,82.31,21.58%
600771,广誉远,93.5,121.46,29.90%
600773,西藏城投,52.3,65.68,25.58%
600774,汉商集团,28.2,52.03,84.50%
600775,南京熊猫,75.6,62.3,-17.59%
600776,东方通信,187.0,154.41,-17.43%
600777,新潮能源,142.0,156.32,10.08%
600778,*ST友好,14.6,14.94,2.33%
600779,水井坊,144.0,186.4,29.44%
600780,通宝能源,39.2,51.0,30.10%
600781,辅仁药业,78.3,48.94,-37.50%
600782,新钢股份,161.0,250.06,55.32%
600783,鲁信创投,122.0,145.38,19.16%
600784,鲁银投资,29.5,35.43,20.10%
600785,新华百货,37.9,41.95,10.69%
600787,中储股份,115.0,105.29,-8.44%
600789,鲁抗医药,54.3,58.0,6.81%
600790,轻纺城,57.8,63.8,10.38%
600791,京能置业,18.1,26.18,44.64%
600792,云煤能源,28.4,30.02,5.70%
600793,宜宾纸业,16.2,17.24,6.42%
600794,保税科技,35.8,34.81,-2.77%
600795,国电电力,509.0,549.6,7.98%
600796,钱江生化,17.1,21.87,27.89%
600797,浙大网新,81.7,83.95,2.75%
600798,宁波海运,35.2,32.31,-8.21%
600800,天津磁卡,30.9,42.68,38.12%
600801,华新水泥,254.0,217.68,-14.30%
600802,福建水泥,29.2,11.63,-60.17%
600803,新奥股份,125.0,150.74,20.59%
600804,鹏博士,119.0,146.7,23.28%
600805,悦达投资,42.5,41.21,-3.04%
600807,*ST天业,32.6,19.07,-41.50%
600808,马钢股份,270.0,391.66,45.06%
600809,山西汾酒,306.0,325.51,6.38%
600810,神马股份,45.8,26.67,-41.77%
600811,东方集团,142.0,222.8,56.90%
600812,华北制药,67.5,84.25,24.81%
600814,杭州解百,37.8,28.47,-24.68%
600815,厦工股份,29.6,32.73,10.57%
600818,中路股份,35.7,45.73,28.10%
600819,耀皮玻璃,39.9,27.73,-30.50%
600820,隧道股份,212.0,284.94,34.41%
600821,津劝业,17.5,25.79,47.37%
600822,上海物贸,43.7,48.07,10.00%
600823,世茂股份,145.0,158.74,9.48%
600824,益民集团,37.6,34.84,-7.34%
600826,兰生股份,41.1,27.28,-33.63%
600827,百联股份,157.0,112.69,-28.22%
600828,茂业商业,82.6,37.3,-54.84%
600830,香溢融通,24.0,25.23,5.13%
600831,广电网络,48.5,60.0,23.71%
600833,第一医药,22.9,32.6,42.36%
600834,申通地铁,33.0,38.85,17.73%
600835,上海机电,162.0,106.84,-34.05%
600836,界龙实业,26.3,31.61,20.19%
600838,上海九百,25.3,21.92,-13.36%
600839,四川长虹,115.0,127.29,10.69%
600841,上柴股份,60.1,45.33,-24.58%
600843,上工申贝,39.2,37.05,-5.48%
600844,丹化科技,34.6,29.3,-15.32%
600845,宝信软件,204.0,188.27,-7.71%
600846,同济科技,48.4,57.59,18.99%
600847,万里股份,18.7,29.03,55.24%
600848,上海临港,229.0,214.04,-6.53%
600850,华东电脑,73.4,100.98,37.57%
600851,海欣股份,84.1,49.82,-40.76%
600853,龙建股份,23.8,34.38,44.45%
600854,春兰股份,20.7,1.19,-94.25%
600855,航天长峰,39.6,55.65,40.53%
600856,中天能源,54.1,88.33,63.27%
600857,宁波中百,19.3,36.28,87.98%
600858,银座股份,28.2,29.47,4.50%
600859,王府井,108.0,36.87,-65.86%
600860,京城股份,20.7,25.43,22.85%
600861,北京城乡,21.6,-14.87,-168.84%
600862,中航高科,94.9,69.84,-26.41%
600863,内蒙华电,139.0,121.84,-12.35%
600864,哈投股份,101.0,122.56,21.35%
600865,百大集团,21.6,8.63,-60.05%
600866,星湖科技,21.2,19.51,-7.97%
600867,通化东宝,262.0,254.81,-2.74%
600868,梅雁吉祥,56.8,54.21,-4.56%
600869,智慧能源,117.0,120.03,2.59%
600871,*ST油服,355.0,244.97,-30.99%
600872,中炬高新,231.0,262.74,13.74%
600873,梅花生物,131.0,147.06,12.26%
600874,创业环保,122.0,94.92,-22.20%
600875,东方电气,263.0,278.96,6.07%
600876,洛阳玻璃,65.1,49.3,-24.27%
600877,ST嘉陵,31.8,31.25,-1.73%
600879,航天电子,164.0,175.91,7.26%
600880,博瑞传播,43.0,32.14,-25.26%
600881,亚泰集团,112.0,162.08,44.71%
600882,广泽股份,30.9,39.85,28.96%
600883,博闻科技,15.9,10.32,-35.09%
600884,杉杉股份,150.0,114.01,-23.99%
600885,宏发股份,186.0,198.72,6.84%
600886,国投电力,523.0,472.35,-9.68%
600887,伊利股份,1429.0,1332.36,-6.76%
600888,新疆众和,38.6,44.75,15.93%
600889,南京化纤,17.8,10.15,-42.98%
600891,秋林集团,40.0,29.09,-27.27%
600892,大晟文化,49.0,45.17,-7.82%
600893,航发动力,511.0,547.5,7.14%
600894,广日股份,49.2,50.67,2.99%
600895,张江高科,241.0,267.04,10.80%
600896,*ST海投,35.1,27.27,-22.31%
600897,厦门空港,64.6,57.16,-11.52%
600898,国美通讯,20.4,49.71,143.68%
600900,长江电力,3386.0,2448.12,-27.70%
600903,贵州燃气,176.0,140.57,-20.13%
600917,重庆燃气,112.0,119.69,6.87%
600929,湖南盐业,82.6,37.57,-54.52%
600933,爱柯迪,68.3,38.2,-44.07%
600936,广西广电,65.8,61.76,-6.14%
600939,重庆建工,87.3,35.0,-59.91%
600959,江苏有线,170.0,241.26,41.92%
600960,渤海汽车,35.3,28.73,-18.61%
600961,株冶集团,41.8,49.56,18.56%
600962,国投中鲁,21.1,28.25,33.89%
600963,岳阳林纸,58.7,72.94,24.26%
600965,福成股份,82.5,90.82,10.08%
600966,博汇纸业,44.0,56.12,27.55%
600967,内蒙一机,187.0,147.49,-21.13%
600969,郴电国际,23.0,12.11,-47.35%
600970,中材国际,99.2,122.6,23.59%
600971,恒源煤电,58.0,44.93,-22.53%
600973,宝胜股份,52.6,46.37,-11.84%
600975,新五丰,23.9,23.84,-0.25%
600976,健民集团,22.5,24.12,7.20%
600977,中国电影,282.0,156.95,-44.34%
600978,宜华生活,64.4,82.67,28.37%
600979,广安爱众,40.1,45.17,12.64%
600980,北矿科技,16.0,27.46,71.62%
600981,汇鸿集团,89.2,55.17,-38.15%
600982,宁波热电,24.9,27.23,9.36%
600983,惠而浦,44.7,38.88,-13.02%
600984,建设机械,42.7,53.85,26.11%
600985,淮北矿业,195.0,116.88,-40.06%
600986,科达股份,59.8,81.18,35.75%
600987,航民股份,52.7,47.7,-9.49%
600988,赤峰黄金,58.6,57.03,-2.68%
600990,四创电子,57.7,108.02,87.21%
600992,贵绳股份,19.1,14.36,-24.82%
600993,马应龙,58.2,69.66,19.69%
600995,文山电力,32.7,33.65,2.91%
600996,贵广网络,72.6,53.69,-26.05%
600997,开滦股份,91.8,79.5,-13.40%
600998,九州通,273.0,290.42,6.38%
601000,唐山港,148.0,183.83,24.21%
601001,大同煤业,71.6,26.07,-63.59%
601002,晋亿实业,49.4,55.04,11.42%
601003,柳钢股份,174.0,233.83,34.39%
601005,重庆钢铁,181.0,333.67,84.35%
601006,大秦铁路,1213.0,1582.05,30.42%
601007,金陵饭店,24.9,29.15,17.07%
601010,文峰股份,54.9,49.6,-9.65%
601011,宝泰隆,91.7,109.97,19.92%
601012,隆基股份,559.0,571.95,2.32%
601015,陕西黑猫,67.2,75.05,11.68%
601016,节能风电,101.0,113.36,12.24%
601018,宁波港,458.0,506.29,10.54%
601019,山东出版,175.0,108.29,-38.12%
601020,华钰矿业,47.3,35.13,-25.73%
601021,春秋航空,287.0,297.28,3.58%
601028,玉龙股份,38.2,38.77,1.49%
601038,一拖股份,46.4,29.37,-36.70%
601058,赛轮轮胎,65.1,79.18,21.63%
601068,中铝国际,184.0,46.36,-74.80%
601069,西部黄金,88.9,106.06,19.30%
601086,国芳集团,36.0,11.28,-68.67%
601088,中国神华,3682.0,3876.52,5.28%
601098,中南传媒,228.0,256.57,12.53%
601100,恒立液压,181.0,206.5,14.09%
601101,昊华能源,73.9,69.3,-6.22%
601106,中国一重,193.0,228.35,18.32%
601107,四川成渝,112.0,56.23,-49.79%
601111,中国国航,1179.0,1090.56,-7.50%
601113,华鼎股份,86.7,89.24,2.93%
601116,三江购物,63.9,56.91,-10.94%
601117,中国化学,272.0,330.8,21.62%
601118,海南橡胶,193.0,151.78,-21.36%
601126,四方股份,48.8,49.44,1.31%
601127,小康股份,156.0,75.59,-51.54%
601137,博威合金,45.9,46.35,0.98%
601138,工业富联,2397.0,677.6,-71.73%
601139,深圳燃气,159.0,177.02,11.33%
601155,新城控股,559.0,593.12,6.10%
601158,重庆水务,276.0,313.03,13.42%
601163,三角轮胎,91.9,41.34,-55.02%
601168,西部矿业,144.0,172.06,19.49%
601177,杭齿前进,35.8,49.54,38.38%
601179,中国西电,198.0,253.85,28.21%
601186,中国铁建,1464.0,1753.15,19.75%
601188,龙江交通,41.8,51.06,22.15%
601199,江南水务,34.7,39.14,12.80%
601200,上海环境,95.9,103.44,7.86%
601208,东材科技,25.7,23.75,-7.59%
601212,白银有色,217.0,73.83,-65.98%
601216,君正集团,230.0,281.19,22.26%
601218,吉鑫科技,25.3,21.91,-13.40%
601222,林洋能源,86.9,125.32,44.21%
601225,陕西煤业,763.0,763.76,0.10%
601226,华电重工,46.2,52.72,14.11%
601228,广州港,251.0,89.32,-64.41%
601231,环旭电子,190.0,197.33,3.86%
601233,桐昆股份,188.0,244.3,29.95%
601238,广汽集团,1086.0,1161.88,6.99%
601258,庞大集团,101.0,97.62,-3.35%
601311,骆驼股份,73.7,83.55,13.36%
601326,秦港股份,177.0,118.26,-33.19%
601330,绿色动力,148.0,69.25,-53.21%
601333,广深铁路,239.0,276.94,15.87%
601339,百隆东方,75.0,91.03,21.37%
601360,三六零,1403.0,278.36,-80.16%
601366,利群股份,57.6,36.33,-36.93%
601368,绿城水务,44.2,55.47,25.50%
601369,陕鼓动力,101.0,110.17,9.08%
601388,怡球资源,44.8,42.25,-5.69%
601390,中国中铁,1613.0,1956.11,21.27%
601500,通用股份,48.8,24.72,-49.34%
601518,吉林高速,37.7,43.16,14.48%
601519,大智慧,70.0,69.85,-0.21%
601558,ST锐电,70.0,79.43,13.47%
601566,九牧王,74.6,65.93,-11.62%
601567,三星医疗,84.7,106.29,25.49%
601579,会稽山,47.0,43.58,-7.28%
601588,北辰实业,98.3,105.75,7.58%
601595,上海电影,48.3,35.67,-26.15%
601599,鹿港文化,29.2,35.64,22.05%
601600,中国铝业,537.0,548.98,2.23%
601606,长城军工,107.0,59.29,-44.59%
601607,上海医药,464.0,474.36,2.23%
601608,中信重工,121.0,115.83,-4.27%
601611,中国核建,184.0,111.65,-39.32%
601616,广电电气,39.2,28.39,-27.58%
601618,中国中冶,632.0,798.73,26.38%
601619,嘉泽新能,103.0,54.7,-46.89%
601633,长城汽车,564.0,484.48,-14.10%
601636,旗滨集团,105.0,125.14,19.18%
601666,平煤股份,86.2,88.31,2.45%
601668,中国建筑,2389.0,2498.56,4.59%
601669,中国电建,763.0,766.91,0.51%
601677,明泰铝业,54.9,43.16,-21.38%
601678,滨化股份,68.7,75.36,9.69%
601689,拓普集团,110.0,71.14,-35.33%
601699,潞安环能,204.0,213.13,4.48%
601700,风范股份,81.9,84.91,3.68%
601717,郑煤机,98.6,100.95,2.38%
601718,际华集团,159.0,198.3,24.72%
601727,上海电气,757.0,594.27,-21.50%
601766,中国中车,2594.0,2249.09,-13.30%
601777,力帆股份,55.4,92.3,66.61%
601789,宁波建工,32.2,37.11,15.25%
601798,*ST蓝科,17.7,22.67,28.08%
601799,星宇股份,137.0,190.07,38.74%
601800,中国交建,1805.0,1762.81,-2.34%
601801,皖新传媒,141.0,176.83,25.41%
601808,中海油服,406.0,291.65,-28.17%
601811,新华文轩,122.0,54.98,-54.93%
601828,美凯龙,386.0,331.23,-14.19%
601857,中国石油,13500.0,13410.38,-0.66%
601858,中国科传,72.7,42.58,-41.43%
601866,中远海发,282.0,247.99,-12.06%
601869,长飞光纤,316.0,157.89,-50.03%
601872,招商轮船,238.0,258.54,8.63%
601877,正泰电器,510.0,524.13,2.77%
601880,大连港,254.0,169.91,-33.11%
601882,海天精工,38.9,29.43,-24.34%
601886,江河集团,84.7,98.41,16.19%
601888,中国国旅,1185.0,1109.14,-6.40%
601890,亚星锚链,38.6,41.86,8.45%
601898,中煤能源,635.0,694.16,9.32%
601899,紫金矿业,702.0,605.71,-13.72%
601900,南方传媒,78.1,52.69,-32.54%
601908,京运通,67.4,97.25,44.29%
601918,新集能源,76.9,87.97,14.40%
601919,中远海控,469.0,412.6,-12.03%
601928,凤凰传媒,188.0,219.37,16.69%
601929,吉视传媒,68.8,79.99,16.26%
601933,永辉超市,779.0,619.47,-20.48%
601949,中国出版,85.5,49.24,-42.41%
601952,苏垦农发,91.5,54.94,-39.96%
601958,金钼股份,200.0,215.0,7.50%
601965,中国汽研,75.2,83.52,11.06%
601966,玲珑轮胎,171.0,113.02,-33.91%
601968,宝钢包装,34.8,36.8,5.75%
601969,海南矿业,87.4,83.67,-4.27%
601985,中国核电,837.0,851.56,1.74%
601989,中国重工,1025.0,1148.63,12.06%
601991,大唐发电,592.0,343.03,-42.06%
601992,金隅集团,378.0,370.02,-2.11%
601996,丰林集团,34.7,32.18,-7.26%
601999,出版传媒,30.0,35.38,17.93%
603000,人民网,89.2,91.52,2.60%
603002,宏昌电子,22.9,24.96,9.00%
603003,龙宇燃油,31.3,24.24,-22.56%
603005,晶方科技,38.4,43.17,12.42%
603006,联明股份,18.4,21.21,15.27%
603007,花王股份,27.8,30.15,8.45%
603008,喜临门,38.2,37.22,-2.57%
603009,北特科技,22.1,24.92,12.76%
603010,万盛股份,35.9,44.6,24.23%
603011,合锻智能,21.6,22.81,5.60%
603012,创力集团,51.6,55.5,7.56%
603013,亚普股份,93.6,56.04,-40.13%
603015,弘讯科技,26.0,31.79,22.27%
603017,中衡设计,33.0,40.94,24.06%
603018,中设集团,56.2,78.93,40.44%
603019,中科曙光,233.0,291.63,25.16%
603020,爱普股份,23.9,15.68,-34.39%
603021,山东华鹏,19.0,22.1,16.32%
603022,新通联,14.4,18.42,27.92%
603023,威帝股份,18.4,28.24,53.48%
603025,大豪科技,101.0,104.0,2.97%
603026,石大胜华,40.3,47.2,17.12%
603027,千禾味业,49.8,50.04,0.48%
603028,赛福天,16.3,18.06,10.80%
603029,天鹅股份,13.0,22.63,74.08%
603030,全筑股份,28.9,32.47,12.35%
603031,安德利,13.6,27.49,102.13%
603032,德新交运,42.5,92.19,116.92%
603033,三维股份,27.1,32.18,18.75%
603035,常熟汽饰,34.3,17.62,-48.63%
603036,如通股份,23.7,17.04,-28.10%
603038,华立股份,16.2,10.15,-37.35%
603039,泛微网络,73.3,241.07,228.88%
603040,新坐标,21.0,40.55,93.10%
603041,美思德,14.7,15.17,3.20%
603042,华脉科技,21.6,46.36,114.63%
603043,广州酒家,111.0,97.77,-11.92%
603045,福达合金,29.8,65.18,118.72%
603050,科林电气,21.8,26.88,23.30%
603055,台华新材,58.8,34.45,-41.41%
603056,德邦股份,148.0,62.21,-57.97%
603058,永吉股份,41.9,39.15,-6.56%
603059,倍加洁,25.0,37.68,50.72%
603060,国检集团,43.3,47.42,9.52%
603063,禾望电气,29.4,20.91,-28.88%
603066,音飞储存,22.0,20.78,-5.55%
603067,振华股份,25.3,16.76,-33.75%
603069,海汽集团,21.5,20.25,-5.81%
603076,乐惠国际,18.1,9.93,-45.14%
603077,和邦生物,148.0,144.57,-2.32%
603078,江化微,22.2,51.28,130.99%
603079,圣达生物,18.9,21.47,13.60%
603080,新疆火炬,29.1,40.49,39.14%
603081,大丰实业,48.2,30.9,-35.89%
603083,剑桥科技,32.1,49.75,54.98%
603085,天成自控,24.1,24.14,0.17%
603086,先达股份,25.3,3.47,-86.28%
603088,宁波精达,13.4,23.19,73.06%
603089,正裕工业,18.5,23.72,28.22%
603090,宏盛股份,13.7,25.99,89.71%
603096,新经典,86.3,159.96,85.35%
603098,森特股份,65.7,43.34,-34.03%
603099,长白山,24.3,31.61,30.08%
603100,川仪股份,32.7,29.5,-9.79%
603101,汇嘉时代,38.4,42.09,9.61%
603103,横店影视,101.0,65.86,-34.79%
603105,芯能科技,72.6,51.13,-29.57%
603106,恒银金融,33.6,25.08,-25.36%
603108,润达医疗,41.2,38.47,-6.63%
603110,东方材料,16.0,20.31,26.94%
603111,康尼机电,43.7,67.44,54.32%
603113,金能科技,75.0,47.83,-36.23%
603116,红蜻蜓,42.6,45.28,6.29%
603117,万林物流,25.0,31.54,26.16%
603118,共进股份,57.2,65.47,14.46%
603123,翠微股份,30.6,25.36,-17.12%
603126,中材节能,35.8,38.85,8.52%
603127,昭衍新药,54.7,157.07,187.15%
603128,华贸物流,55.6,59.41,6.85%
603129,春风动力,22.9,24.93,8.86%
603131,上海沪工,32.5,47.36,45.72%
603133,碳元科技,33.1,41.75,26.13%
603136,天目湖,24.2,38.04,57.19%
603138,海量数据,28.9,55.8,93.08%
603139,康惠制药,15.8,12.61,-20.19%
603156,养元饮品,319.0,139.68,-56.21%
603157,拉夏贝尔,48.0,24.9,-48.12%
603158,腾龙股份,32.4,57.05,76.08%
603159,上海亚虹,18.3,39.76,117.27%
603160,汇顶科技,340.0,370.66,9.02%
603161,科华控股,20.6,11.24,-45.44%
603165,荣晟环保,28.0,22.5,-19.64%
603166,福达股份,33.2,40.99,23.46%
603167,渤海轮渡,43.2,37.96,-12.13%
603169,兰石重装,53.8,54.19,0.72%
603177,德创环保,19.3,25.92,34.30%
603178,圣龙股份,20.6,28.45,38.11%
603179,新泉股份,38.3,39.75,3.79%
603180,金牌厨柜,38.5,111.67,190.05%
603181,皇马科技,31.9,27.19,-14.76%
603183,建研院,21.8,48.26,121.38%
603186,华正新材,21.4,43.12,101.50%
603188,亚邦股份,43.8,49.53,13.08%
603189,网达软件,25.6,28.45,11.13%
603192,汇得科技,32.1,41.04,27.85%
603196,日播时尚,26.0,27.08,4.15%
603197,保隆科技,34.5,46.52,34.84%
603198,迎驾贡酒,114.0,126.49,10.96%
603199,九华旅游,21.1,26.16,23.98%
603203,快克股份,33.5,45.37,35.43%
603208,江山欧派,21.8,9.89,-54.63%
603218,日月股份,72.1,51.37,-28.75%
603222,济民制药,44.7,76.25,70.58%
603223,恒通股份,21.6,25.33,17.27%
603225,新凤鸣,164.0,78.49,-52.14%
603226,菲林格尔,19.3,21.6,11.92%
603227,雪峰科技,28.9,29.82,3.18%
603228,景旺电子,200.0,155.78,-22.11%
603229,奥翔药业,18.7,28.77,53.85%
603232,格尔软件,20.9,56.38,169.76%
603233,大参林,156.0,124.27,-20.34%
603238,诺邦股份,24.3,38.53,58.56%
603239,浙江仙通,29.0,26.56,-8.41%
603258,电魂网络,39.6,33.47,-15.48%
603259,药明康德,759.0,343.33,-54.77%
603260,合盛硅业,290.0,217.76,-24.91%
603266,天龙股份,20.0,19.45,-2.75%
603268,松发股份,21.6,53.87,149.40%
603269,海鸥股份,13.7,25.94,89.34%
603277,银都股份,36.2,23.67,-34.61%
603278,大业股份,31.4,19.11,-39.14%
603283,赛腾股份,28.3,39.57,39.82%
603286,日盈电子,13.1,32.37,147.10%
603288,海天味业,1821.0,1674.26,-8.06%
603289,泰瑞机器,22.0,18.06,-17.91%
603297,永新光学,37.1,72.48,95.36%
603298,杭叉集团,76.2,39.7,-47.90%
603299,井神股份,30.0,22.49,-25.03%
603300,华铁科技,25.5,36.31,42.39%
603301,振德医疗,32.9,52.93,60.88%
603303,得邦照明,51.0,24.34,-52.27%
603305,旭升股份,122.0,106.51,-12.70%
603306,华懋科技,44.5,50.31,13.06%
603308,应流股份,37.9,35.02,-7.60%
603309,维力医疗,20.5,30.59,49.22%
603311,金海环境,23.4,33.59,43.55%
603313,梦百合,52.9,52.64,-0.49%
603315,福鞍股份,25.4,40.92,61.10%
603316,诚邦股份,16.1,13.26,-17.64%
603318,派思股份,50.4,77.31,53.39%
603319,湘油泵,17.1,27.74,62.22%
603320,迪贝电气,18.1,34.87,92.65%
603321,梅轮电梯,21.2,19.77,-6.75%
603322,超讯通信,36.9,104.78,183.96%
603326,我乐家居,28.0,32.05,14.46%
603328,依顿电子,102.0,106.81,4.72%
603330,上海天洋,15.1,20.65,36.75%
603331,百达精工,19.5,23.06,18.26%
603333,尚纬股份,27.5,30.15,9.64%
603335,迪生力,20.3,24.41,20.25%
603336,宏辉果蔬,28.6,40.74,42.45%
603337,杰克股份,110.0,101.4,-7.82%
603338,浙江鼎力,145.0,248.24,71.20%
603339,四方科技,33.3,29.4,-11.71%
603345,安井食品,79.8,118.64,48.67%
603348,文灿股份,51.9,51.73,-0.33%
603355,莱克电气,91.6,118.03,28.85%
603356,华菱精工,20.7,30.17,45.75%
603357,设计总院,65.0,61.29,-5.71%
603358,华达科技,35.7,19.68,-44.87%
603360,百傲化学,24.6,24.57,-0.12%
603363,傲农生物,35.7,40.25,12.75%
603365,水星家纺,41.9,23.85,-43.08%
603366,日出东方,35.0,39.32,12.34%
603367,辰欣药业,65.7,51.1,-22.22%
603368,柳药股份,65.5,49.69,-24.14%
603369,今世缘,191.0,201.9,5.71%
603377,东方时尚,79.3,47.12,-40.58%
603378,亚士创能,26.0,27.19,4.58%
603380,易德龙,24.7,26.74,8.26%
603385,惠达卫浴,31.2,13.74,-55.96%
603386,广东骏亚,33.2,46.93,41.36%
603387,基蛋生物,50.7,69.49,37.06%
603388,元成股份,20.9,25.55,22.25%
603389,亚振家居,22.2,26.82,20.81%
603393,新天然气,50.4,36.34,-27.90%
603396,金辰股份,20.2,24.41,20.84%
603398,邦宝益智,25.3,29.15,15.22%
603399,吉翔股份,53.6,48.97,-8.64%
603416,信捷电气,31.3,37.44,19.62%
603421,鼎信通讯,101.0,69.95,-30.74%
603429,集友股份,42.5,76.88,80.89%
603444,吉比特,114.0,299.28,162.53%
603456,九洲药业,53.9,58.5,8.53%
603458,勘设股份,39.4,26.56,-32.59%
603477,振静股份,18.6,16.12,-13.33%
603486,科沃斯,196.0,160.29,-18.22%
603496,恒为科技,36.4,71.41,96.18%
603499,翔港科技,20.5,42.37,106.68%
603500,祥和实业,22.3,20.69,-7.22%
603501,韦尔股份,136.0,145.26,6.81%
603505,金石资源,30.4,40.1,31.91%
603507,振江股份,29.1,32.62,12.10%
603508,思维列控,70.9,86.91,22.58%
603515,欧普照明,209.0,111.99,-46.42%
603516,淳中科技,32.5,53.01,63.11%
603517,绝味食品,138.0,122.1,-11.52%
603518,维格娜丝,26.8,9.24,-65.52%
603519,立霸股份,21.1,30.13,42.80%
603520,司太立,30.4,54.31,78.65%
603527,众源新材,19.1,13.35,-30.10%
603528,多伦科技,39.8,25.04,-37.09%
603535,嘉诚国际,29.1,20.93,-28.08%
603536,惠发股份,14.7,19.7,34.01%
603538,美诺华,27.0,45.95,70.19%
603555,贵人鸟,38.8,44.99,15.95%
603556,海兴电力,72.7,44.58,-38.68%
603557,起步股份,35.6,26.55,-25.42%
603558,健盛集团,44.9,37.32,-16.88%
603559,中通国脉,34.6,64.69,86.97%
603566,普莱柯,40.6,49.6,22.17%
603567,珍宝岛,102.0,115.69,13.42%
603568,伟明环保,156.0,185.98,19.22%
603569,长久物流,63.8,33.14,-48.06%
603577,汇金通,19.1,21.01,10.00%
603578,三星新材,16.7,24.35,45.81%
603579,荣泰健康,39.6,35.7,-9.85%
603580,艾艾精工,15.0,31.69,111.27%
603583,捷昌驱动,50.5,59.97,18.75%
603585,苏利股份,37.5,10.84,-71.09%
603586,金麒麟,28.4,15.89,-44.05%
603587,地素时尚,94.2,45.69,-51.50%
603588,高能环境,53.5,60.06,12.26%
603589,口子窖,228.0,264.19,15.87%
603590,康辰药业,50.4,46.79,-7.16%
603595,东尼电子,46.6,93.21,100.02%
603596,伯特利,84.6,61.07,-27.81%
603598,引力传媒,25.1,52.59,109.52%
603599,广信股份,51.4,31.58,-38.56%
603600,永艺股份,23.3,25.03,7.42%
603601,再升科技,42.2,51.35,21.68%
603603,博天环境,68.1,79.53,16.78%
603605,珀莱雅,93.6,136.6,45.94%
603606,东方电缆,47.7,52.37,9.79%
603607,京华激光,23.7,34.29,44.68%
603608,天创时尚,46.2,31.73,-31.32%
603609,禾丰牧业,65.2,67.58,3.65%
603611,诺力股份,33.1,43.11,30.24%
603612,索通发展,40.6,34.62,-14.73%
603615,茶花股份,21.6,5.64,-73.89%
603616,韩建河山,32.7,53.27,62.91%
603617,君禾股份,17.2,34.12,98.37%
603618,杭电股份,39.5,47.41,20.03%
603619,中曼石油,64.0,45.07,-29.58%
603626,科森科技,32.7,23.98,-26.67%
603628,清源股份,24.6,26.96,9.59%
603630,拉芳家化,31.4,15.66,-50.13%
603633,徕木股份,16.3,22.03,35.15%
603636,南威软件,54.8,67.78,23.69%
603637,镇海股份,24.8,28.28,14.03%
603638,艾迪精密,63.3,73.28,15.77%
603639,海利尔,45.0,30.47,-32.29%
603648,畅联股份,39.9,38.16,-4.36%
603650,彤程新材,120.0,68.99,-42.51%
603655,朗博科技,16.0,29.71,85.69%
603656,泰禾光电,22.4,27.79,24.06%
603657,春光科技,29.0,45.79,57.90%
603658,安图生物,197.0,185.88,-5.64%
603659,璞泰来,198.0,200.76,1.39%
603660,苏州科达,68.2,89.32,30.97%
603661,恒林股份,30.8,-19.84,-164.42%
603663,三祥新材,26.3,48.46,84.26%
603665,康隆达,27.7,37.39,34.98%
603666,亿嘉和,46.2,100.2,116.88%
603667,五洲新春,22.1,17.98,-18.64%
603668,天马科技,22.8,24.17,6.01%
603669,灵康药业,37.7,43.98,16.66%
603676,卫信康,47.2,37.19,-21.21%
603677,奇精机械,27.1,32.86,21.25%
603678,火炬电子,77.6,93.39,20.35%
603680,今创集团,99.7,53.42,-46.42%
603683,晶华新材,18.4,27.83,51.25%
603685,晨丰科技,19.4,13.01,-32.94%
603686,龙马环卫,32.7,26.45,-19.11%
603688,石英股份,40.5,50.81,25.46%
603689,皖天然气,36.8,27.38,-25.60%
603690,至纯科技,33.6,59.62,77.44%
603693,江苏新能,92.2,55.49,-39.82%
603698,航天工程,62.5,75.21,20.34%
603699,纽威股份,86.5,99.88,15.47%
603701,德宏股份,17.0,20.73,21.94%
603703,盛洋科技,21.5,34.38,59.91%
603706,东方环宇,45.7,66.88,46.35%
603707,健友股份,99.8,90.61,-9.21%
603708,家家悦,97.0,74.26,-23.44%
603711,香飘飘,79.4,58.89,-25.83%
603712,七一二,148.0,79.68,-46.16%
603713,密尔克卫,50.1,73.01,45.73%
603716,塞力斯,35.5,39.07,10.06%
603717,天域生态,23.4,19.23,-17.82%
603718,海利生物,81.6,101.16,23.97%
603721,中广天择,15.0,28.54,90.27%
603722,阿科力,19.1,45.81,139.84%
603725,天安新材,16.3,15.22,-6.63%
603726,朗迪集团,24.4,35.16,44.10%
603727,博迈科,30.0,15.44,-48.53%
603728,鸣志电器,53.8,49.26,-8.44%
603729,龙韵股份,14.6,32.99,125.96%
603730,岱美股份,85.0,55.2,-35.06%
603733,仙鹤股份,100.0,54.42,-45.58%
603737,三棵树,50.7,101.66,100.51%
603738,泰晶科技,21.1,30.43,44.22%
603757,大元泵业,23.2,17.2,-25.86%
603766,隆鑫通用,86.2,93.98,9.03%
603767,中马传动,21.0,10.34,-50.76%
603768,常青股份,23.7,13.71,-42.15%
603773,沃格光电,42.9,40.11,-6.50%
603776,永安行,26.6,19.86,-25.34%
603777,来伊份,35.2,23.93,-32.02%
603779,威龙股份,30.1,31.68,5.25%
603787,新日股份,20.9,18.54,-11.29%
603788,宁波高发,32.2,23.97,-25.56%
603789,星光农机,32.9,50.51,53.53%
603790,雅运股份,32.3,38.19,18.24%
603797,联泰环保,26.3,29.12,10.72%
603798,康普顿,21.2,18.12,-14.53%
603799,华友钴业,245.0,289.3,18.08%
603800,道森股份,24.7,20.55,-16.80%
603801,志邦家居,38.0,24.24,-36.21%
603803,瑞斯康达,45.5,35.29,-22.44%
603806,福斯特,147.0,176.61,20.14%
603808,歌力思,52.7,61.28,16.28%
603809,豪能股份,22.8,15.33,-32.76%
603810,丰山集团,30.9,44.21,43.07%
603811,诚意药业,19.0,26.38,38.84%
603813,原尚股份,16.6,29.38,76.99%
603816,顾家家居,195.0,137.12,-29.68%
603817,海峡环保,28.4,19.35,-31.87%
603818,曲美家居,34.1,49.81,46.07%
603819,神力股份,19.0,27.76,46.11%
603822,嘉澳环保,17.1,34.49,101.70%
603823,百合花,38.3,31.94,-16.61%
603825,华扬联众,30.8,44.26,43.70%
603826,坤彩科技,68.9,58.39,-15.25%
603828,柯利达,34.5,49.52,43.54%
603829,洛凯股份,16.5,18.72,13.45%
603833,欧派家居,351.0,276.31,-21.28%
603838,四通股份,25.0,35.76,43.04%
603839,安正时尚,42.0,19.99,-52.40%
603843,正平股份,33.8,34.41,1.80%
603856,东宏股份,32.4,19.26,-40.56%
603858,步长制药,225.0,182.32,-18.97%
603859,能科股份,22.8,44.29,94.25%
603860,中公高科,16.3,45.54,179.39%
603861,白云电器,63.0,44.7,-29.05%
603866,桃李面包,221.0,147.39,-33.31%
603868,飞科电器,164.0,101.05,-38.38%
603869,新智认知,54.9,45.6,-16.94%
603871,嘉友国际,40.2,29.29,-27.14%
603876,鼎胜新材,82.9,50.14,-39.52%
603877,太平鸟,85.1,65.82,-22.66%
603878,武进不锈,24.2,-1.62,-106.69%
603879,永悦科技,14.4,14.83,2.99%
603880,南卫股份,15.6,21.81,39.81%
603881,数据港,56.8,94.1,65.67%
603882,金域医学,96.9,105.12,8.48%
603883,老百姓,132.0,201.72,52.82%
603885,吉祥航空,220.0,240.57,9.35%
603886,元祖股份,42.3,39.35,-6.97%
603887,城地股份,20.9,38.37,83.59%
603888,新华网,68.9,46.64,-32.31%
603889,新澳股份,35.0,33.63,-3.91%
603890,春秋电子,23.5,9.51,-59.53%
603895,天永智能,28.4,55.19,94.33%
603896,寿仙谷,41.3,84.89,105.54%
603897,长城科技,42.9,30.16,-29.70%
603898,好莱客,49.7,28.38,-42.90%
603899,晨光文具,259.0,281.88,8.83%
603900,莱绅通灵,45.1,18.02,-60.04%
603901,永创智能,30.6,23.22,-24.12%
603903,中持股份,21.1,39.7,88.15%
603906,龙蟠科技,22.6,16.77,-25.80%
603909,合诚股份,28.1,76.35,171.71%
603912,佳力图,29.3,40.15,37.03%
603916,苏博特,36.0,13.11,-63.58%
603917,合力科技,18.9,20.73,9.68%
603918,金桥信息,22.2,47.24,112.79%
603919,金徽酒,42.5,30.54,-28.14%
603920,世运电路,49.4,28.78,-41.74%
603922,金鸿顺,21.1,14.18,-32.80%
603926,铁流股份,18.2,10.14,-44.29%
603928,兴业股份,28.7,19.46,-32.20%
603933,睿能科技,26.8,24.54,-8.43%
603936,博敏电子,32.7,12.05,-63.15%
603938,三孚股份,27.1,23.86,-11.96%
603939,益丰药房,154.0,206.1,33.83%
603955,大千生态,16.4,4.4,-73.17%
603959,百利科技,50.0,65.69,31.38%
603960,克来机电,34.9,75.14,115.30%
603963,大理药业,15.7,32.72,108.41%
603966,法兰泰克,19.2,14.5,-24.48%
603968,醋化股份,27.1,22.97,-15.24%
603969,银龙股份,43.1,44.91,4.20%
603970,中农立华,24.4,28.69,17.58%
603976,正川股份,27.5,28.61,4.04%
603977,国泰集团,28.0,11.93,-57.39%
603978,深圳新星,32.2,34.56,7.33%
603979,金诚信,44.6,45.81,2.71%
603980,吉华集团,60.7,31.9,-47.45%
603985,恒润股份,21.2,15.55,-26.65%
603986,兆易创新,174.0,275.12,58.11%
603987,康德莱,29.9,25.28,-15.45%
603989,艾华集团,77.2,99.14,28.42%
603990,麦迪科技,25.7,100.12,289.57%
603991,至正股份,14.3,33.65,135.31%
603993,洛阳钼业,827.0,865.25,4.63%
603996,中新科技,24.2,13.3,-45.04%
603997,继峰股份,50.0,58.06,16.12%
603998,方盛制药,21.7,30.62,41.11%
603999,读者传媒,29.0,19.58,-32.48%
2,万 科Ａ,2793.0,2809.38,0.59%
4,国农科技,14.0,67.51,382.21%
5,世纪星源,31.8,31.94,0.44%
7,全新好,26.8,44.35,65.49%
8,神州高铁,114.0,118.64,4.07%
9,中国宝安,96.1,88.21,-8.21%
10,美丽生态,30.7,25.05,-18.40%
12,南 玻Ａ,119.0,93.38,-21.53%
14,沙河股份,19.7,27.66,40.41%
16,深康佳Ａ,84.0,69.53,-17.23%
18,神州长城,42.8,9.92,-76.82%
19,深深宝Ａ,83.0,18.73,-77.43%
20,深华发Ａ,30.8,30.71,-0.29%
21,深科技,91.2,81.79,-10.32%
23,深天地Ａ,17.9,42.73,138.72%
25,特 力Ａ,81.5,139.52,71.19%
26,飞亚达Ａ,34.2,24.25,-29.09%
27,深圳能源,211.0,232.18,10.04%
28,国药一致,167.0,148.66,-10.98%
30,富奥股份,73.0,91.94,25.95%
32,深桑达Ａ,32.3,23.61,-26.90%
34,神州数码,85.3,60.35,-29.25%
35,中国天楹,73.9,89.94,21.71%
36,华联控股,65.2,72.67,11.46%
37,深南电A,30.9,19.09,-38.22%
38,深大通,66.0,35.87,-45.65%
39,中集集团,339.0,211.81,-37.52%
40,东旭蓝天,108.0,148.85,37.82%
42,中洲控股,75.5,55.34,-26.70%
43,中航善达,52.6,66.89,27.17%
45,深纺织Ａ,32.2,28.96,-10.06%
46,泛海控股,256.0,325.1,26.99%
48,*ST康达,70.2,106.59,51.84%
49,德赛电池,61.8,103.83,68.01%
50,深天马Ａ,202.0,286.35,41.76%
55,方大集团,51.4,42.72,-16.89%
56,皇庭国际,57.9,76.16,31.54%
58,深 赛 格,81.1,46.23,-43.00%
59,华锦股份,97.1,129.2,33.06%
60,中金岭南,146.0,147.13,0.77%
61,农 产 品,82.6,100.43,21.59%
62,深圳华强,126.0,135.85,7.82%
63,中兴通讯,860.0,957.82,11.37%
65,北方国际,61.5,60.92,-0.94%
66,中国长城,147.0,119.19,-18.92%
68,华控赛格,41.3,47.53,15.08%
69,华侨城Ａ,513.0,571.04,11.31%
70,特发信息,75.6,85.5,13.10%
78,海王生物,83.4,76.57,-8.19%
88,盐 田 港,100.0,110.84,10.84%
89,深圳机场,159.0,171.69,7.98%
90,天健集团,71.7,66.54,-7.20%
96,广聚能源,48.5,46.87,-3.36%
99,中信海直,37.0,40.31,8.95%
100,TCL 集团,371.0,442.94,19.39%
150,宜华健康,87.8,106.42,21.21%
151,中成股份,33.1,44.31,33.87%
153,丰原药业,17.6,18.69,6.19%
155,川能动力,47.1,39.77,-15.56%
156,华数传媒,122.0,149.41,22.47%
157,中联重科,283.0,364.55,28.82%
158,常山北明,89.9,100.94,12.28%
159,国际实业,20.6,22.16,7.57%
301,东方盛虹,212.0,95.62,-54.90%
333,美的集团,2647.0,2771.86,4.72%
338,潍柴动力,632.0,405.5,-35.84%
400,许继电气,106.0,106.61,0.58%
401,冀东水泥,178.0,150.95,-15.20%
402,金 融 街,203.0,278.2,37.04%
403,振兴生化,74.0,136.99,85.12%
404,长虹华意,28.7,31.14,8.50%
407,胜利股份,34.6,37.23,7.60%
408,藏格控股,226.0,96.75,-57.19%
409,*ST地矿,31.9,34.1,6.90%
410,沈阳机床,48.8,73.09,49.77%
411,英特集团,25.7,43.46,69.11%
413,东旭光电,281.0,385.87,37.32%
415,渤海租赁,235.0,371.41,58.05%
417,合肥百货,35.0,17.28,-50.63%
418,小天鹅Ａ,292.0,283.9,-2.77%
419,通程控股,23.4,-11.26,-148.12%
420,吉林化纤,39.8,46.57,17.01%
421,南京公用,26.7,33.61,25.88%
422,*ST宜化,28.8,34.41,19.48%
423,东阿阿胶,262.0,306.46,16.97%
425,徐工机械,258.0,309.03,19.78%
426,兴业矿业,115.0,101.3,-11.91%
428,华天酒店,27.0,37.97,40.63%
429,粤高速Ａ,175.0,93.5,-46.57%
430,张家界,21.2,19.43,-8.35%
488,晨鸣纸业,171.0,224.54,31.31%
498,山东路桥,61.3,32.04,-47.73%
501,鄂武商Ａ,76.9,55.32,-28.06%
504,南华生物,40.4,38.93,-3.64%
505,京粮控股,39.7,27.9,-29.72%
506,中润资源,26.8,26.26,-2.01%
507,珠海港,53.9,64.49,19.65%
510,金路集团,25.7,26.22,2.02%
513,丽珠集团,187.0,141.45,-24.36%
514,渝 开 发,32.6,38.96,19.51%
516,国际医学,102.0,121.01,18.64%
517,荣安地产,76.4,75.33,-1.40%
518,四环生物,31.7,35.9,13.25%
519,中兵红箭,98.1,78.06,-20.43%
521,长虹美菱,33.7,27.08,-19.64%
523,广州浪奇,25.9,28.1,8.49%
524,岭南控股,49.6,32.63,-34.21%
525,红 太 阳,79.4,76.4,-3.78%
526,紫光学大,17.8,61.05,242.98%
528,柳 工,90.4,114.1,26.22%
529,广弘控股,27.8,27.57,-0.83%
530,大冷股份,30.1,11.22,-62.72%
531,穗恒运Ａ,36.4,41.45,13.87%
532,华金资本,33.9,60.37,78.08%
533,万 家 乐,21.1,18.39,-12.84%
534,万泽股份,50.3,67.79,34.77%
536,华映科技,58.4,85.48,46.37%
537,广宇发展,141.0,106.49,-24.48%
538,云南白药,768.0,847.19,10.31%
539,粤电力Ａ,228.0,129.32,-43.28%
540,中天金融,259.0,324.09,25.13%
541,佛山照明,75.0,50.4,-32.80%
543,皖能电力,91.0,86.13,-5.35%
544,中原环保,52.0,45.9,-11.73%
545,金浦钛业,31.9,32.39,1.54%
546,金圆股份,64.2,62.86,-2.09%
547,航天发展,129.0,133.57,3.54%
548,湖南投资,23.3,28.2,21.03%
550,江铃汽车,127.0,98.58,-22.38%
551,创元科技,25.2,13.53,-46.31%
552,靖远煤电,60.6,55.17,-8.96%
553,安道麦A,249.0,162.94,-34.56%
554,泰山石油,25.8,22.92,-11.16%
555,神州信息,91.5,107.58,17.57%
557,西部创业,54.5,40.35,-25.96%
558,莱茵体育,38.9,42.25,8.61%
559,万向钱潮,154.0,158.54,2.95%
560,我爱我家,110.0,97.73,-11.15%
561,烽火电子,39.7,50.88,28.16%
563,陕国投Ａ,113.0,133.23,17.90%
564,供销大集,168.0,262.56,56.29%
565,渝三峡Ａ,19.6,20.68,5.51%
566,海南海药,71.2,94.35,32.51%
567,海德股份,51.0,27.14,-46.78%
568,泸州老窖,576.0,593.75,3.08%
570,苏常柴Ａ,22.9,4.09,-82.14%
571,新大洲Ａ,28.2,30.21,7.13%
572,海马汽车,38.3,55.19,44.10%
573,粤宏远Ａ,20.6,25.25,22.57%
576,广东甘化,26.5,28.4,7.17%
581,威孚高科,177.0,207.0,16.95%
582,北部湾港,102.0,52.91,-48.13%
584,哈工智能,40.5,52.1,28.64%
585,*ST东电,18.3,28.3,54.64%
586,汇源通信,23.7,58.14,145.32%
587,金洲慈航,59.3,70.88,19.53%
589,黔轮胎Ａ,27.7,33.34,20.36%
590,启迪古汉,19.3,30.58,58.45%
591,太阳能,98.3,141.09,43.53%
592,平潭发展,63.0,62.25,-1.19%
593,大通燃气,24.7,30.8,24.70%
595,宝塔实业,33.5,44.3,32.24%
596,古井贡酒,278.0,292.56,5.24%
597,东北制药,61.0,67.25,10.25%
598,兴蓉环境,123.0,147.39,19.83%
599,青岛双星,32.5,40.55,24.77%
600,建投能源,102.0,91.38,-10.41%
601,韶能股份,42.4,41.07,-3.14%
603,盛达矿业,62.0,59.92,-3.35%
605,渤海股份,35.1,39.33,12.05%
606,顺利办,46.6,35.96,-22.83%
607,华媒控股,43.3,43.07,-0.53%
608,阳光股份,40.3,54.0,34.00%
609,中迪投资,15.8,20.0,26.58%
610,西安旅游,17.5,27.17,55.26%
611,天首发展,22.5,31.57,40.31%
612,焦作万方,48.0,49.67,3.48%
613,大东海A,27.3,30.64,12.23%
615,京汉股份,41.6,41.35,-0.60%
617,中油资本,915.0,686.44,-24.98%
619,海螺型材,19.2,2.45,-87.24%
620,新华联,80.0,120.97,51.21%
623,吉林敖东,173.0,202.38,16.98%
625,长安汽车,367.0,393.91,7.33%
626,远大控股,40.7,33.57,-17.52%
627,天茂集团,275.0,348.34,26.67%
628,高新发展,30.6,42.24,38.04%
629,攀钢钒钛,265.0,231.61,-12.60%
630,铜陵有色,213.0,188.58,-11.46%
631,顺发恒业,74.9,103.37,38.01%
633,合金投资,19.5,33.5,71.79%
635,英 力 特,26.2,8.33,-68.21%
636,风华高科,106.0,114.8,8.30%
637,茂化实华,20.8,15.43,-25.82%
638,万方发展,18.3,38.5,110.38%
639,西王食品,51.7,40.85,-20.99%
650,仁和药业,67.5,66.77,-1.08%
651,格力电器,2270.0,2545.98,12.16%
652,泰达股份,47.8,56.7,18.62%
655,*ST金岭,21.4,15.53,-27.43%
656,金科股份,319.0,378.49,18.65%
657,中钨高新,50.1,38.7,-22.75%
659,珠海中富,47.6,44.58,-6.34%
661,长春高新,303.0,599.52,97.86%
662,天夏智慧,66.8,47.26,-29.25%
663,永安林业,21.8,15.35,-29.59%
665,湖北广电,49.2,58.55,19.00%
666,经纬纺机,81.1,3.84,-95.27%
667,美好置业,64.5,81.3,26.05%
668,荣丰控股,14.5,-33.16,-328.69%
669,金鸿控股,41.6,49.53,19.06%
671,阳 光 城,214.0,229.97,7.46%
672,上峰水泥,69.9,67.92,-2.83%
673,当代东方,38.5,49.61,28.86%
676,智度股份,91.0,63.76,-29.93%
677,恒天海龙,23.8,19.65,-17.44%
678,襄阳轴承,25.1,31.52,25.58%
679,大连友谊,14.6,19.44,33.15%
680,山推股份,42.1,44.11,4.77%
681,视觉中国,174.0,162.85,-6.41%
682,东方电子,52.3,43.05,-17.69%
683,远兴能源,98.2,108.91,10.91%
685,中山公用,108.0,114.89,6.38%
687,华讯方舟,60.2,74.56,23.85%
688,国城矿业,129.0,132.54,2.74%
690,宝新能源,146.0,170.87,17.03%
691,亚太实业,14.4,24.99,73.54%
692,惠天热电,14.9,24.14,62.01%
695,滨海能源,22.1,45.91,107.74%
697,炼石航空,82.3,73.32,-10.91%
698,沈阳化工,31.6,30.95,-2.06%
701,厦门信达,26.1,8.92,-65.82%
702,正虹科技,14.9,16.16,8.46%
703,恒逸石化,287.0,332.03,15.69%
705,浙江震元,20.8,16.54,-20.48%
707,*ST双环,14.0,12.44,-11.14%
708,大冶特钢,41.0,38.53,-6.02%
709,河钢股份,320.0,542.58,69.56%
710,贝瑞基因,105.0,92.09,-12.30%
711,京蓝科技,51.8,44.01,-15.04%
713,丰乐种业,14.4,10.03,-30.35%
715,中兴商业,17.5,10.87,-37.89%
716,黑芝麻,21.7,23.39,7.79%
717,韶钢松山,113.0,209.09,85.04%
718,苏宁环球,96.2,97.32,1.16%
719,中原传媒,81.8,79.11,-3.29%
720,*ST新能,45.9,55.73,21.42%
721,西安饮食,20.9,28.01,34.02%
722,湖南发展,29.2,27.01,-7.50%
723,美锦能源,142.0,64.46,-54.61%
725,京东方Ａ,933.0,1267.64,35.87%
726,鲁 泰Ａ,88.6,61.7,-30.36%
727,华东科技,73.8,89.53,21.31%
729,燕京啤酒,158.0,156.57,-0.91%
731,四川美丰,31.2,21.95,-29.65%
732,泰禾集团,174.0,173.91,-0.05%
733,振华科技,55.2,48.86,-11.49%
735,罗 牛 山,128.0,136.62,6.73%
736,中交地产,33.1,32.01,-3.29%
737,*ST南风,16.1,26.31,63.42%
738,航发控制,151.0,167.82,11.14%
739,普洛药业,89.9,92.56,2.96%
751,锌业股份,41.9,38.57,-7.95%
752,西藏发展,19.0,34.58,82.00%
753,漳州发展,30.9,30.99,0.29%
755,山西路桥,20.9,14.43,-30.96%
756,新华制药,36.6,23.67,-35.33%
757,浩物股份,23.8,26.51,11.39%
758,中色股份,76.8,76.4,-0.52%
759,中百集团,38.4,-11.98,-131.20%
760,斯太尔,26.9,24.91,-7.40%
761,本钢板材,133.0,203.84,53.26%
762,西藏矿业,37.0,34.66,-6.32%
766,通化金马,66.5,62.8,-5.56%
767,漳泽电力,79.7,57.06,-28.41%
768,中航飞机,392.0,419.32,6.97%
777,中核科技,45.2,62.9,39.16%
778,新兴铸管,172.0,259.72,51.00%
779,三毛派神,16.7,34.5,106.59%
780,平庄能源,32.1,17.94,-44.11%
782,美达股份,23.6,20.43,-13.43%
786,北新建材,244.0,256.89,5.28%
788,北大医药,32.0,40.84,27.63%
789,万年青,66.9,35.09,-47.55%
790,泰合健康,24.1,28.22,17.10%
791,甘肃电投,51.4,73.9,43.77%
792,盐湖股份,184.0,165.56,-10.02%
793,华闻传媒,65.7,93.98,43.04%
795,英洛华,44.1,36.71,-16.76%
796,凯撒旅游,55.7,65.95,18.40%
797,中国武夷,69.3,80.71,16.46%
798,中水渔业,17.5,17.76,1.49%
799,酒鬼酒,52.8,57.85,9.56%
800,一汽轿车,116.0,100.91,-13.01%
801,四川九洲,53.1,59.06,11.22%
802,北京文化,85.3,72.61,-14.88%
803,金宇车城,15.8,55.31,250.06%
806,银河生物,47.7,36.67,-23.12%
807,云铝股份,106.0,135.08,27.43%
809,铁岭新城,20.8,22.86,9.90%
810,创维数字,64.3,74.65,16.10%
811,冰轮环境,36.0,35.63,-1.03%
812,陕西金叶,29.1,26.14,-10.17%
813,德展健康,206.0,142.59,-30.78%
815,美利云,51.8,37.87,-26.89%
816,*ST慧业,23.4,27.96,19.49%
818,航锦科技,65.5,77.42,18.20%
820,神雾节能,38.9,51.36,32.03%
821,京山轻机,42.8,40.29,-5.86%
822,山东海化,44.8,47.42,5.85%
823,超声电子,47.7,42.07,-11.80%
825,太钢不锈,243.0,391.62,61.16%
826,启迪桑德,149.0,177.12,18.87%
828,东莞控股,80.0,92.05,15.06%
829,天音控股,59.6,51.96,-12.82%
830,鲁西化工,148.0,181.64,22.73%
831,五矿稀土,86.4,88.23,2.12%
833,粤桂股份,32.1,20.57,-35.92%
835,长城动漫,14.3,30.63,114.20%
836,富通鑫茂,52.4,53.78,2.63%
837,秦川机床,29.5,32.84,11.32%
838,财信发展,34.3,35.98,4.90%
839,中信国安,143.0,141.91,-0.76%
848,承德露露,76.6,75.34,-1.64%
850,华茂股份,32.6,10.11,-68.99%
851,高鸿股份,51.5,59.69,15.90%
852,石化机械,45.9,57.46,25.19%
856,冀东装备,34.5,65.33,89.36%
858,五 粮 液,1968.0,1815.92,-7.73%
859,国风塑业,22.9,21.95,-4.15%
860,顺鑫农业,198.0,232.35,17.35%
861,海印股份,56.2,58.89,4.79%
862,银星能源,24.0,27.55,14.79%
863,三湘印象,53.8,63.14,17.36%
868,安凯客车,29.2,38.2,30.82%
869,张 裕Ａ,179.0,155.98,-12.86%
875,吉电股份,54.7,68.11,24.52%
876,新 希 望,322.0,341.71,6.12%
877,天山股份,78.3,73.24,-6.46%
878,云南铜业,117.0,136.15,16.37%
880,潍柴重机,21.4,16.67,-22.10%
881,中广核技,71.2,47.4,-33.43%
882,华联股份,65.1,103.85,59.52%
883,湖北能源,242.0,328.48,35.74%
885,城发环境,36.9,35.05,-5.01%
886,海南高速,39.3,40.59,3.28%
887,中鼎股份,124.0,145.84,17.61%
888,峨眉山Ａ,31.2,29.95,-4.01%
889,中嘉博创,69.8,76.59,9.73%
890,法 尔 胜,22.5,36.65,62.89%
892,欢瑞世纪,47.2,41.32,-12.46%
895,双汇发展,815.0,778.54,-4.47%
897,津滨发展,40.9,49.02,19.85%
898,鞍钢股份,370.0,713.15,92.74%
899,赣能股份,45.5,44.79,-1.56%
900,现代投资,62.8,68.22,8.63%
901,航天科技,66.3,71.05,7.16%
902,新洋丰,116.0,112.77,-2.78%
903,云内动力,50.5,61.34,21.47%
905,厦门港务,34.2,34.98,2.28%
906,浙商中拓,35.0,38.16,9.03%
908,景峰医药,40.6,54.81,35.00%
909,数源科技,24.2,37.39,54.50%
910,大亚圣象,54.6,53.99,-1.12%
911,南宁糖业,18.2,31.53,73.24%
912,*ST天化,63.5,74.01,16.55%
913,钱江摩托,42.8,41.86,-2.20%
915,山大华特,33.8,46.31,37.01%
917,电广传媒,104.0,117.04,12.54%
918,嘉凯城,128.0,110.46,-13.70%
919,金陵药业,32.2,21.99,-31.71%
921,海信家电,107.0,103.62,-3.16%
922,佳电股份,33.9,41.37,22.04%
923,河北宣工,90.2,76.53,-15.16%
925,众合科技,35.5,38.4,8.17%
926,福星股份,60.9,53.26,-12.55%
927,一汽夏利,54.6,35.1,-35.71%
928,中钢国际,55.8,55.97,0.30%
929,兰州黄河,12.2,23.53,92.87%
930,中粮生化,71.4,80.27,12.42%
931,中 关 村,51.8,57.11,10.25%
932,华菱钢铁,186.0,302.14,62.44%
933,神火股份,77.5,83.29,7.47%
935,四川双马,113.0,128.31,13.55%
936,华西股份,55.6,44.44,-20.07%
937,冀中能源,136.0,164.11,20.67%
938,紫光股份,473.0,242.55,-48.72%
939,*ST凯迪,45.6,35.87,-21.34%
948,南天信息,25.7,25.71,0.04%
949,新乡化纤,35.2,40.76,15.80%
950,重药控股,93.0,71.37,-23.26%
951,中国重汽,77.8,54.07,-30.50%
952,广济药业,25.2,36.74,45.79%
955,欣龙控股,22.8,29.55,29.61%
957,中通客车,30.8,34.63,12.44%
958,东方能源,39.0,51.48,32.00%
959,首钢股份,206.0,288.46,40.03%
960,锡业股份,175.0,191.76,9.58%
961,中南建设,214.0,226.63,5.90%
962,东方钽业,29.8,23.69,-20.50%
963,华东医药,364.0,356.33,-2.11%
965,天保基建,44.8,54.28,21.16%
966,长源电力,42.0,49.19,17.12%
967,盈峰环境,67.8,72.43,6.83%
968,蓝焰控股,99.1,80.13,-19.14%
969,安泰科技,52.6,50.68,-3.65%
970,中科三环,85.6,81.7,-4.56%
971,高升控股,41.3,31.1,-24.70%
972,ST中基,22.5,24.32,8.09%
973,佛塑科技,35.5,37.04,4.34%
975,银泰资源,202.0,146.47,-27.49%
976,华铁股份,74.4,53.26,-28.41%
977,浪潮信息,208.0,223.62,7.51%
978,桂林旅游,19.8,19.15,-3.28%
980,众泰汽车,96.7,140.07,44.85%
981,银亿股份,125.0,190.05,52.04%
982,*ST 中绒,23.3,18.19,-21.93%
983,西山煤电,171.0,160.77,-5.98%
985,大庆华科,16.8,34.31,104.23%
988,华工科技,126.0,127.82,1.44%
989,九 芝 堂,89.0,65.42,-26.49%
990,诚志股份,153.0,138.61,-9.41%
993,闽东电力,22.9,26.37,15.15%
995,*ST皇台,8.3,36.74,342.65%
996,中国中期,31.1,49.27,58.42%
997,新 大 陆,154.0,175.72,14.10%
998,隆平高科,175.0,162.58,-7.10%
999,华润三九,227.0,255.45,12.53%
1696,宗申动力,53.1,49.16,-7.42%
1896,豫能控股,38.0,57.36,50.95%
1965,招商公路,502.0,367.97,-26.70%
1979,招商蛇口,1397.0,663.6,-52.50%
2001,新 和 成,319.0,339.75,6.50%
2002,鸿达兴业,80.3,95.81,19.32%
2003,伟星股份,54.7,51.93,-5.06%
2004,华邦健康,99.1,105.16,6.12%
2005,德豪润达,44.3,63.33,42.96%
2006,精功科技,25.1,33.24,32.43%
2008,大族激光,306.0,339.76,11.03%
2009,天奇股份,29.6,28.36,-4.19%
2010,传化智联,206.0,204.71,-0.63%
2011,盾安环境,41.0,43.9,7.07%
2012,凯恩股份,19.9,21.27,6.88%
2013,中航机电,270.0,229.94,-14.84%
2014,永新股份,33.2,28.03,-15.57%
2016,世荣兆业,72.8,78.32,7.58%
2017,东信和平,36.4,52.43,44.04%
2018,*ST华信,27.8,-16.16,-158.13%
2019,亿帆医药,125.0,122.71,-1.83%
2020,京新药业,61.7,65.51,6.18%
2021,中捷资源,20.5,26.45,29.02%
2022,科华生物,49.6,54.62,10.12%
2023,海特高新,81.0,86.7,7.04%
2024,苏宁易购,994.0,1126.1,13.29%
2025,航天电器,106.0,127.97,20.73%
2026,山东威达,24.4,15.38,-36.97%
2027,分众传媒,820.0,508.17,-38.03%
2028,思源电气,83.4,72.98,-12.49%
2029,七 匹 狼,48.7,41.14,-15.52%
2030,达安基因,81.0,93.77,15.77%
2031,巨轮智能,44.9,39.77,-11.43%
2032,苏 泊 尔,411.0,365.03,-11.18%
2033,丽江旅游,32.3,31.0,-4.02%
2034,旺能环境,49.5,21.66,-56.24%
2035,华帝股份,76.4,80.91,5.90%
2036,联创电子,50.4,53.78,6.71%
2037,久联发展,28.0,24.41,-12.82%
2038,双鹭药业,171.0,177.26,3.66%
2039,黔源电力,40.7,26.4,-35.14%
2040,南 京 港,31.3,23.22,-25.81%
2041,登海种业,49.3,48.72,-1.18%
2042,华孚时尚,85.2,112.59,32.15%
2043,兔 宝 宝,44.2,47.71,7.94%
2044,美年健康,435.0,319.5,-26.55%
2045,国光电器,23.4,23.44,0.17%
2046,轴研科技,36.3,33.15,-8.68%
2047,宝鹰股份,94.8,109.14,15.13%
2048,宁波华翔,67.9,29.65,-56.33%
2049,紫光国微,186.0,230.37,23.85%
2050,三花智控,290.0,269.24,-7.16%
2051,中工国际,129.0,148.02,14.74%
2052,同洲电子,32.7,35.3,7.95%
2053,云南能投,38.6,34.82,-9.79%
2054,德美化工,27.8,26.44,-4.89%
2055,得润电子,52.1,64.97,24.70%
2056,横店东磁,98.5,98.95,0.46%
2057,中钢天源,23.8,23.65,-0.63%
2058,威 尔 泰,17.9,46.67,160.73%
2059,云南旅游,38.9,43.09,10.77%
2060,粤 水 电,34.9,42.05,20.49%
2061,浙江交科,121.0,94.51,-21.89%
2062,宏润建设,43.9,47.48,8.15%
2063,远光软件,49.4,47.75,-3.34%
2064,华峰氨纶,71.4,69.71,-2.37%
2065,东华软件,220.0,210.73,-4.21%
2066,瑞泰科技,18.5,33.67,82.00%
2067,景兴纸业,42.0,46.4,10.48%
2068,黑猫股份,43.8,43.88,0.18%
2069,獐子岛,24.9,27.25,9.44%
2071,长城影视,25.1,39.67,58.05%
2073,软控股份,44.4,43.09,-2.95%
2074,国轩高科,140.0,168.09,20.06%
2075,沙钢股份,158.0,93.6,-40.76%
2076,雪 莱 特,26.4,21.96,-16.82%
2077,大港股份,24.2,24.8,2.48%
2078,太阳纸业,156.0,172.63,10.66%
2079,苏州固锝,38.8,36.5,-5.93%
2080,中材科技,112.0,94.83,-15.33%
2081,金 螳 螂,213.0,235.58,10.60%
2082,万邦德,19.1,14.49,-24.14%
2083,孚日股份,46.6,50.3,7.94%
2084,海鸥住工,22.0,19.83,-9.86%
2085,万丰奥威,167.0,163.82,-1.90%
2086,东方海洋,34.6,27.32,-21.04%
2087,新野纺织,30.3,34.27,13.10%
2088,鲁阳节能,32.0,20.93,-34.59%
2089,新 海 宜,67.2,55.82,-16.93%
2090,金智科技,41.4,72.13,74.23%
2091,江苏国泰,90.3,49.32,-45.38%
2092,中泰化学,154.0,237.12,53.97%
2093,国脉科技,82.0,93.26,13.73%
2094,青岛金王,35.4,34.64,-2.15%
2096,南岭民爆,20.3,19.47,-4.09%
2097,山河智能,62.4,66.05,5.85%
2098,浔兴股份,33.5,47.41,41.52%
2099,海翔药业,73.2,93.65,27.94%
2100,天康生物,46.1,53.09,15.16%
2101,广东鸿图,43.4,35.91,-17.26%
2102,ST冠福,49.3,59.06,19.80%
2103,广博股份,27.2,23.81,-12.46%
2104,恒宝股份,45.6,39.96,-12.37%
2105,信隆健康,15.5,20.3,30.97%
2106,莱宝高科,47.3,42.9,-9.30%
2107,沃华医药,25.0,40.09,60.36%
2108,沧州明珠,62.7,64.35,2.63%
2109,兴化股份,38.3,26.8,-30.03%
2110,三钢闽光,218.0,192.69,-11.61%
2111,威海广泰,41.2,40.8,-0.97%
2112,三变科技,13.8,32.13,132.83%
2113,天润数娱,61.6,39.21,-36.35%
2114,罗平锌电,24.2,23.04,-4.79%
2115,三维通信,61.4,58.31,-5.03%
2116,中国海诚,29.8,37.17,24.73%
2117,东港股份,51.8,61.49,18.71%
2118,紫鑫药业,70.1,76.34,8.90%
2119,康强电子,26.4,37.33,41.40%
2120,韵达股份,520.0,196.67,-62.18%
2121,科陆电子,70.6,66.77,-5.42%
2122,*ST天马,20.4,19.5,-4.41%
2123,梦网集团,65.1,66.13,1.58%
2124,天邦股份,92.7,97.42,5.09%
2125,湘潭电化,23.8,26.97,13.32%
2126,银轮股份,61.4,70.6,14.98%
2127,南极电商,200.0,151.7,-24.15%
2128,露天煤业,119.0,144.48,21.41%
2129,中环股份,206.0,233.18,13.19%
2130,沃尔核材,48.7,46.16,-5.22%
2131,利欧股份,86.2,69.52,-19.35%
2132,恒星科技,36.2,41.19,13.78%
2133,广宇集团,28.2,15.23,-45.99%
2134,天津普林,15.6,22.4,43.59%
2135,东南网架,53.0,57.94,9.32%
2136,安 纳 达,17.8,21.71,21.97%
2137,麦达数字,41.6,28.66,-31.11%
2138,顺络电子,119.0,119.36,0.30%
2139,拓邦股份,44.5,42.5,-4.49%
2140,东华科技,28.5,33.45,17.37%
2141,贤丰控股,49.2,31.3,-36.38%
2143,印纪传媒,54.2,31.96,-41.03%
2144,宏达高科,18.3,-9.96,-154.43%
2145,中核钛白,55.5,59.47,7.15%
2146,荣盛发展,357.0,372.02,4.21%
2147,ST新光,55.9,51.09,-8.60%
2148,北纬科技,39.7,42.05,5.92%
2149,西部材料,25.7,24.94,-2.96%
2150,通润装备,18.3,10.97,-40.05%
2151,北斗星通,115.0,103.23,-10.23%
2152,广电运通,139.0,130.05,-6.44%
2153,石基信息,279.0,189.87,-31.95%
2154,报 喜 鸟,39.8,39.96,0.40%
2155,湖南黄金,96.0,96.0,0.00%
2156,通富微电,88.0,91.96,4.50%
2157,正邦科技,140.0,137.46,-1.81%
2158,汉钟精机,41.2,49.28,19.61%
2159,三特索道,25.1,30.49,21.47%
2160,常铝股份,26.0,24.91,-4.19%
2161,远 望 谷,42.9,47.78,11.38%
2162,悦心健康,26.7,29.09,8.95%
2163,中航三鑫,39.5,53.32,34.99%
2164,宁波东力,21.3,-1.76,-108.26%
2165,红 宝 丽,22.8,26.26,15.18%
2166,莱茵生物,28.3,37.18,31.38%
2167,东方锆业,36.9,47.94,29.92%
2168,深圳惠程,83.1,97.67,17.53%
2169,智光电气,32.3,34.7,7.43%
2170,芭田股份,27.6,22.67,-17.86%
2171,楚江新材,55.2,58.99,6.87%
2172,澳洋健康,30.7,35.8,16.61%
2173,创新医疗,34.2,16.14,-52.81%
2174,游族网络,176.0,176.9,0.51%
2175,东方网络,26.3,28.17,7.11%
2176,江特电机,90.4,111.71,23.57%
2177,御银股份,26.1,21.36,-18.16%
2178,延华智能,28.3,26.64,-5.87%
2179,中航光电,292.0,322.88,10.58%
2180,纳思达,264.0,280.75,6.34%
2181,粤 传 媒,52.4,52.13,-0.52%
2182,云海金属,41.9,39.88,-4.82%
2183,怡 亚 通,107.0,116.64,9.01%
2184,海得控制,25.7,33.2,29.18%
2185,华天科技,94.0,97.26,3.47%
2186,全 聚 德,36.1,41.09,13.82%
2187,广百股份,28.4,10.9,-61.62%
2188,*ST巴士,10.8,57.15,429.17%
2189,利达光电,25.7,46.6,81.32%
2190,成飞集成,59.5,98.77,66.00%
2191,劲嘉股份,122.0,118.31,-3.02%
2192,融捷股份,49.1,84.15,71.38%
2193,如意集团,23.6,6.4,-72.88%
2194,*ST凡谷,38.2,35.11,-8.09%
2195,二三四五,170.0,195.34,14.91%
2196,方正电机,24.8,19.64,-20.81%
2197,证通电子,36.8,38.64,5.00%
2198,嘉应制药,25.8,31.61,22.52%
2199,东晶电子,22.1,31.31,41.67%
2200,云投生态,11.2,31.95,185.27%
2201,九鼎新材,21.9,26.43,20.68%
2202,金风科技,375.0,425.88,13.57%
2203,海亮股份,148.0,142.0,-4.05%
2204,大连重工,59.5,63.24,6.29%
2205,国统股份,15.5,22.66,46.19%
2206,海 利 得,48.9,45.52,-6.91%
2208,合肥城建,31.8,33.39,5.00%
2209,达 意 隆,13.7,23.67,72.77%
2210,飞马国际,63.6,60.81,-4.39%
2211,宏达新材,21.8,21.45,-1.61%
2212,南洋股份,147.0,134.04,-8.82%
2214,大立科技,27.7,31.2,12.64%
2215,诺 普 信,62.2,60.21,-3.20%
2216,三全食品,56.5,52.53,-7.03%
2217,合力泰,179.0,205.05,14.55%
2218,拓日新能,37.7,43.43,15.20%
2219,恒康医疗,67.3,58.64,-12.87%
2220,天宝食品,21.8,17.1,-21.56%
2221,东华能源,136.0,143.46,5.49%
2222,福晶科技,44.0,55.0,25.00%
2223,鱼跃医疗,198.0,195.84,-1.09%
2224,三 力 士,38.2,31.44,-17.70%
2225,濮耐股份,40.7,39.48,-3.00%
2226,江南化工,64.9,66.75,2.85%
2227,奥 特 迅,25.0,42.47,69.88%
2228,合兴包装,52.7,37.98,-27.93%
2229,鸿博股份,41.0,45.39,10.71%
2230,科大讯飞,606.0,527.75,-12.91%
2231,奥维通信,26.8,35.12,31.04%
2232,启明信息,30.9,36.6,18.45%
2233,塔牌集团,123.0,133.1,8.21%
2234,民和股份,35.9,35.3,-1.67%
2235,安妮股份,34.3,28.17,-17.87%
2236,大华股份,366.0,269.52,-26.36%
2237,恒邦股份,81.0,81.49,0.60%
2238,天威视讯,43.0,48.91,13.74%
2239,奥特佳,68.9,82.8,20.17%
2240,威华股份,42.2,42.49,0.69%
2241,歌尔股份,230.0,218.79,-4.87%
2242,九阳股份,123.0,138.14,12.31%
2243,通产丽星,68.1,94.74,39.12%
2244,滨江集团,119.0,72.22,-39.31%
2245,澳洋顺昌,41.1,39.41,-4.11%
2246,北化股份,39.1,36.46,-6.75%
2247,聚力文化,40.8,43.22,5.93%
2248,华东数控,27.6,46.99,70.25%
2249,大洋电机,95.8,91.34,-4.66%
2250,联化科技,84.3,90.83,7.75%
2251,步 步 高,66.0,44.78,-32.15%
2252,上海莱士,364.0,295.32,-18.87%
2253,川大智胜,33.4,39.63,18.65%
2254,泰和新材,65.8,74.12,12.64%
2255,海陆重工,35.4,32.77,-7.43%
2256,兆新股份,55.7,43.1,-22.62%
2258,利尔化学,68.1,75.53,10.91%
2259,ST升达,17.3,19.47,12.54%
2260,*ST德奥,8.14,31.68,289.19%
2261,拓维信息,55.5,56.5,1.80%
2262,恩华药业,88.3,91.58,3.71%
2263,*ST东南,32.3,27.46,-14.98%
2264,新 华 都,41.9,42.09,0.45%
2265,西仪股份,29.3,38.54,31.54%
2266,浙富控股,83.3,76.43,-8.25%
2267,陕天然气,84.4,88.92,5.36%
2268,卫 士 通,172.0,190.66,10.85%
2270,华明装备,36.2,45.16,24.75%
2271,东方雨虹,206.0,185.57,-9.92%
2272,川润股份,21.9,20.38,-6.94%
2273,水晶光电,84.7,92.7,9.45%
2274,华昌化工,39.5,42.83,8.43%
2275,桂林三金,76.3,79.24,3.85%
2276,万马股份,58.4,63.2,8.22%
2277,友阿股份,48.7,55.69,14.35%
2278,神开股份,25.1,31.76,26.53%
2279,久其软件,53.9,56.48,4.79%
2280,联络互动,89.5,90.24,0.83%
2281,光迅科技,175.0,215.31,23.03%
2282,博深工具,39.4,29.39,-25.41%
2283,天润曲轴,39.6,46.0,16.16%
2284,亚太股份,36.4,41.25,13.32%
2285,世联行,98.5,105.51,7.12%
2286,保龄宝,21.8,20.19,-7.39%
2287,奇正藏药,101.0,140.41,39.02%
2288,超华科技,44.5,44.3,-0.45%
2289,宇顺电子,16.0,8.48,-47.00%
2290,中科新材,19.7,15.64,-20.61%
2291,星期六,18.9,21.1,11.64%
2292,奥飞娱乐,80.9,68.79,-14.97%
2293,罗莱生活,66.6,62.31,-6.44%
2294,信立泰,210.0,232.33,10.63%
2295,精艺股份,19.5,20.31,4.15%
2296,辉煌科技,21.1,19.72,-6.54%
2297,博云新材,32.3,32.29,-0.03%
2298,中电兴发,45.6,44.92,-1.49%
2299,圣农发展,217.0,231.43,6.65%
2300,太阳电缆,38.3,43.1,12.53%
2301,齐心集团,52.7,63.76,20.99%
2302,西部建设,121.0,109.96,-9.12%
2303,美盈森,70.7,75.66,7.02%
2304,洋河股份,1417.0,1281.04,-9.59%
2305,南国置业,48.9,55.64,13.78%
2307,北新路桥,52.5,73.17,39.37%
2308,威创股份,43.8,47.66,8.81%
2309,中利集团,74.5,61.83,-17.01%
2310,东方园林,188.0,156.71,-16.64%
2311,海大集团,356.0,365.03,2.54%
2312,三泰控股,46.9,38.04,-18.89%
2313,日海智能,72.4,108.73,50.18%
2314,南山控股,82.0,51.77,-36.87%
2315,焦点科技,29.5,10.79,-63.42%
2316,亚联发展,30.9,29.73,-3.79%
2317,众生药业,69.0,77.58,12.43%
2318,久立特材,56.6,65.36,15.48%
2319,乐通股份,31.7,67.8,113.88%
2320,海峡股份,89.7,89.63,-0.08%
2321,华英农业,27.5,20.75,-24.55%
2322,理工环科,38.2,46.14,20.79%
2324,普利特,41.0,29.81,-27.29%
2325,洪涛股份,39.5,39.36,-0.35%
2326,永太科技,60.0,56.49,-5.85%
2327,富安娜,63.4,55.26,-12.84%
2328,新朋股份,26.6,16.9,-36.47%
2329,皇氏集团,29.7,26.59,-10.47%
2330,得利斯,23.0,24.67,7.26%
2331,皖通科技,38.7,33.56,-13.28%
2332,仙琚制药,55.5,64.71,16.59%
2333,罗普斯金,28.7,24.91,-13.21%
2334,英威腾,35.5,37.5,5.63%
2335,科华恒盛,45.3,33.22,-26.67%
2336,人人乐,26.5,24.9,-6.04%
2337,赛象科技,23.4,28.15,20.30%
2338,奥普光电,29.0,46.24,59.45%
2339,积成电子,26.3,24.63,-6.35%
2340,格林美,168.0,172.92,2.93%
2341,新纶科技,120.0,100.06,-16.62%
2342,巨力索具,34.1,30.99,-9.12%
2343,慈文传媒,42.1,41.16,-2.23%
2344,海宁皮城,62.2,77.67,24.87%
2345,潮宏基,43.0,50.14,16.60%
2346,柘中股份,62.3,67.13,7.75%
2347,泰尔股份,18.2,20.28,11.43%
2348,高乐股份,31.8,23.9,-24.84%
2349,精华制药,50.1,59.98,19.72%
2350,北京科锐,32.8,39.3,19.82%
2351,漫步者,31.8,20.63,-35.13%
2352,顺丰控股,1453.0,611.89,-57.89%
2353,杰瑞股份,156.0,141.83,-9.08%
2354,天神娱乐,52.0,53.99,3.83%
2355,兴民智通,46.9,42.7,-8.96%
2356,赫美集团,38.6,56.09,45.31%
2357,富临运业,18.6,22.75,22.31%
2358,森源电气,159.0,179.14,12.67%
2359,北讯集团,96.2,103.52,7.61%
2360,同德化工,21.7,18.48,-14.84%
2361,神剑股份,36.2,32.06,-11.44%
2362,汉王科技,31.7,39.76,25.43%
2363,隆基机械,21.6,19.2,-11.11%
2364,中恒电气,63.0,72.89,15.70%
2365,永安药业,30.4,30.14,-0.86%
2366,台海核电,94.0,94.61,0.65%
2367,康力电梯,47.6,40.89,-14.10%
2368,太极股份,97.5,134.54,37.99%
2369,卓翼科技,47.6,46.05,-3.26%
2370,亚太药业,91.2,100.64,10.35%
2371,北方华创,190.0,230.54,21.34%
2372,伟星新材,203.0,191.33,-5.75%
2373,千方科技,173.0,139.41,-19.42%
2374,丽鹏股份,28.0,29.28,4.57%
2375,亚厦股份,70.8,86.54,22.23%
2376,新北洋,104.0,108.47,4.30%
2377,国创高新,41.1,60.68,47.64%
2378,章源钨业,47.1,47.39,0.62%
2380,科远股份,26.4,5.8,-78.03%
2381,双箭股份,29.3,18.82,-35.77%
2382,蓝帆医疗,133.0,117.51,-11.65%
2383,合众思壮,99.7,98.12,-1.58%
2384,东山精密,169.0,164.74,-2.52%
2385,大北农,138.0,102.16,-25.97%
2386,天原集团,44.3,45.38,2.44%
2387,维信诺,107.0,118.8,11.03%
2388,新亚制程,26.6,28.55,7.33%
2389,航天彩虹,123.0,110.5,-10.16%
2390,信邦制药,67.0,72.35,7.99%
2391,长青股份,38.7,14.56,-62.38%
2392,北京利尔,40.1,32.4,-19.20%
2393,力生制药,40.8,2.15,-94.73%
2394,联发股份,33.6,17.96,-46.55%
2395,双象股份,20.3,29.24,44.04%
2396,星网锐捷,105.0,111.36,6.06%
2397,梦洁股份,34.3,27.09,-21.02%
2398,建研集团,32.3,32.52,0.68%
2399,海普瑞,249.0,268.25,7.73%
2400,省广集团,55.1,60.8,10.34%
2401,中远海科,28.4,40.74,43.45%
2402,和而泰,60.8,60.54,-0.43%
2403,爱仕达,28.7,30.23,5.33%
2404,嘉欣丝绸,32.3,27.26,-15.60%
2405,四维图新,207.0,203.29,-1.79%
2406,远东传动,31.5,25.86,-17.90%
2407,多氟多,80.0,85.62,7.03%
2408,齐翔腾达,123.0,136.86,11.27%
2409,雅克科技,66.3,36.63,-44.75%
2410,广联达,261.0,233.52,-10.53%
2411,延安必康,296.0,148.56,-49.81%
2412,汉森制药,42.1,63.77,51.47%
2413,雷科防务,68.3,68.87,0.83%
2414,高德红外,134.0,140.4,4.78%
2415,海康威视,2625.0,2095.0,-20.19%
2416,爱施德,74.4,72.78,-2.18%
2417,深南股份,22.8,35.45,55.48%
2418,康盛股份,38.1,38.21,0.29%
2419,天虹股份,131.0,139.93,6.82%
2420,毅昌股份,14.2,19.49,37.25%
2421,达实智能,75.5,61.96,-17.93%
2422,科伦药业,293.0,258.13,-11.90%
2423,中原特钢,43.6,57.87,32.73%
2424,贵州百灵,124.0,85.13,-31.35%
2425,凯撒文化,48.7,61.24,25.75%
2426,胜利精密,96.0,98.02,2.10%
2427,*ST尤夫,51.9,72.07,38.86%
2428,云南锗业,39.2,40.33,2.88%
2429,兆驰股份,94.2,95.78,1.68%
2430,杭氧股份,88.6,91.44,3.21%
2431,棕榈股份,58.1,61.26,5.44%
2432,九安医疗,24.1,30.68,27.30%
2433,太安堂,38.2,41.94,9.79%
2434,万里扬,84.0,93.71,11.56%
2435,长江润发,46.0,40.16,-12.70%
2436,兴森科技,70.4,60.15,-14.56%
2437,誉衡药业,64.0,74.98,17.16%
2438,江苏神通,29.8,31.2,4.70%
2439,启明星辰,209.0,182.81,-12.53%
2440,闰土股份,104.0,93.28,-10.31%
2441,众业达,38.9,27.91,-28.25%
2442,龙星化工,34.6,44.32,28.09%
2443,金洲管道,28.9,26.42,-8.58%
2444,巨星科技,104.0,108.38,4.21%
2445,ST中南,28.9,44.21,52.98%
2446,盛路通信,69.7,58.5,-16.07%
2448,中原内配,34.9,38.89,11.43%
2449,国星光电,66.2,71.14,7.46%
2450,康得新,268.0,313.11,16.83%
2451,摩恩电气,61.8,88.64,43.43%
2452,长高集团,21.3,23.5,10.33%
2453,华软科技,31.1,40.44,30.03%
2454,松芝股份,27.6,29.26,6.01%
2455,百川股份,26.4,25.51,-3.37%
2456,欧菲科技,251.0,276.86,10.30%
2457,青龙管业,27.3,25.58,-6.30%
2458,益生股份,49.8,48.86,-1.89%
2459,天业通联,33.9,38.17,12.60%
2460,赣锋锂业,295.0,240.63,-18.43%
2461,珠江啤酒,104.0,95.96,-7.73%
2462,嘉事堂,35.5,17.22,-51.49%
2463,沪电股份,133.0,130.53,-1.86%
2464,众应互联,28.5,31.66,11.09%
2465,海格通信,196.0,189.69,-3.22%
2466,天齐锂业,334.0,351.31,5.18%
2467,二六三,43.6,45.33,3.97%
2468,申通快递,252.0,132.77,-47.31%
2469,三维工程,21.1,22.55,6.87%
2470,金正大,224.0,190.73,-14.85%
2472,双环传动,42.8,49.42,15.47%
2473,*ST圣莱,11.3,20.83,84.34%
2474,榕基软件,41.4,40.07,-3.21%
2475,立讯精密,607.0,589.23,-2.93%
2476,宝莫股份,28.5,29.74,4.35%
2477,雏鹰农牧,55.5,24.55,-55.77%
2478,常宝股份,46.6,42.09,-9.68%
2479,富春环保,40.5,34.93,-13.75%
2480,新筑股份,32.9,42.78,30.03%
2481,双塔食品,36.6,36.51,-0.25%
2482,广田集团,85.8,101.58,18.39%
2483,润邦股份,26.8,28.63,6.83%
2484,江海股份,51.7,49.29,-4.66%
2485,希努尔,39.6,40.7,2.78%
2486,嘉麟杰,34.0,35.69,4.97%
2487,大金重工,20.6,21.39,3.83%
2488,金固股份,70.9,77.21,8.90%
2489,浙江永强,64.8,50.08,-22.72%
2490,山东墨龙,34.8,25.83,-25.78%
2491,通鼎互联,107.0,117.86,10.15%
2492,恒基达鑫,22.8,27.11,18.90%
2493,荣盛石化,662.0,604.48,-8.69%
2494,华斯股份,21.8,15.82,-27.43%
2495,佳隆股份,31.2,24.62,-21.09%
2496,ST辉丰,32.3,24.52,-24.09%
2497,雅化集团,66.4,61.0,-8.13%
2498,汉缆股份,106.0,94.67,-10.69%
2499,科林环保,14.9,27.47,84.36%
2501,利源精制,38.1,17.76,-53.39%
2502,骅威文化,36.8,40.23,9.32%
2503,搜于特,73.9,57.03,-22.83%
2505,大康农业,95.4,96.42,1.07%
2506,协鑫集成,256.0,132.47,-48.25%
2507,涪陵榨菜,167.0,189.99,13.77%
2508,老板电器,207.0,228.73,10.50%
2509,天广中茂,64.6,63.7,-1.39%
2510,天汽模,36.1,43.28,19.89%
2511,中顺洁柔,105.0,109.27,4.07%
2512,达华智能,58.4,45.29,-22.45%
2513,蓝丰生化,19.5,3.6,-81.54%
2514,宝馨科技,29.7,29.97,0.91%
2515,金字火腿,46.0,44.72,-2.78%
2516,旷达科技,45.1,36.34,-19.42%
2517,恺英网络,84.8,69.8,-17.69%
2518,科士达,47.2,53.32,12.97%
2519,银河电子,45.3,47.87,5.67%
2520,日发精机,40.1,45.51,13.49%
2521,齐峰新材,28.0,16.2,-42.14%
2522,浙江众成,44.4,43.75,-1.46%
2523,天桥起重,44.5,46.07,3.53%
2524,光正集团,24.2,36.5,50.83%
2526,山东矿机,36.5,33.61,-7.92%
2527,新时达,36.5,33.31,-8.74%
2528,英飞拓,46.6,42.57,-8.65%
2529,海源复材,18.7,5.25,-71.93%
2530,金财互联,51.4,35.98,-30.00%
2531,天顺风能,83.1,101.54,22.19%
2532,新界泵业,25.8,25.46,-1.32%
2533,金杯电工,26.9,23.78,-11.60%
2534,杭锅股份,42.4,48.5,14.39%
2535,林州重机,28.0,30.69,9.61%
2536,西泵股份,31.4,32.07,2.13%
2537,海联金汇,130.0,152.77,17.52%
2538,司尔特,35.8,35.7,-0.28%
2539,云图控股,44.5,37.71,-15.26%
2540,亚太科技,61.7,53.43,-13.40%
2541,鸿路钢构,37.9,5.11,-86.52%
2542,中化岩土,81.7,57.7,-29.38%
2543,万和电气,76.9,82.85,7.74%
2544,杰赛科技,69.1,80.48,16.47%
2545,东方铁塔,91.4,64.22,-29.74%
2546,新联电子,34.6,33.24,-3.93%
2547,春兴精工,79.9,68.31,-14.51%
2548,金新农,27.4,37.35,36.31%
2549,凯美特气,37.2,45.18,21.45%
2550,千红制药,51.1,42.81,-16.22%
2551,尚荣医疗,34.9,31.61,-9.43%
2552,*ST宝鼎,17.7,18.11,2.32%
2553,南方轴承,20.3,21.87,7.73%
2554,惠博普,30.6,31.37,2.52%
2555,三七互娱,218.0,166.2,-23.76%
2556,辉隆股份,35.2,38.93,10.60%
2557,洽洽食品,97.3,110.29,13.35%
2558,巨人网络,396.0,188.98,-52.28%
2559,亚威股份,26.0,27.81,6.96%
2560,通达股份,24.4,22.87,-6.27%
2561,徐家汇,33.8,23.41,-30.74%
2562,兄弟科技,37.0,31.12,-15.89%
2563,森马服饰,229.0,183.52,-19.86%
2564,天沃科技,45.7,49.74,8.84%
2565,顺灏股份,28.4,25.37,-10.67%
2566,益盛药业,20.1,11.78,-41.39%
2567,唐人神,51.0,46.63,-8.57%
2568,百润股份,49.3,47.36,-3.94%
2570,*ST因美,52.1,59.32,13.86%
2571,德力股份,20.5,12.34,-39.80%
2572,索菲亚,156.0,137.04,-12.15%
2573,清新环境,82.0,90.23,10.04%
2575,群兴玩具,49.6,54.99,10.87%
2576,通达动力,18.6,21.91,17.80%
2577,雷柏科技,29.9,36.05,20.57%
2578,闽发铝业,33.3,19.01,-42.91%
2579,中京电子,36.3,50.33,38.65%
2580,圣阳股份,20.4,22.57,10.64%
2581,未名医药,43.3,50.2,15.94%
2582,好想你,40.2,23.94,-40.45%
2583,海能达,156.0,116.1,-25.58%
2584,西陇科学,36.8,36.25,-1.49%
2585,双星新材,60.7,63.57,4.73%
2586,围海股份,56.9,60.02,5.48%
2587,奥拓电子,31.7,27.68,-12.68%
2588,史丹利,46.4,35.84,-22.76%
2589,瑞康医药,99.5,83.63,-15.95%
2590,万安科技,35.3,38.53,9.15%
2591,恒大高新,20.6,19.17,-6.94%
2592,八菱科技,62.9,90.72,44.23%
2593,日上集团,23.1,25.77,11.56%
2594,比亚迪,1337.0,753.93,-43.61%
2595,豪迈科技,127.0,111.36,-12.31%
2596,海南瑞泽,68.1,65.77,-3.42%
2597,金禾实业,85.8,93.2,8.62%
2598,山东章鼓,21.1,28.4,34.60%
2599,盛通股份,31.0,25.03,-19.26%
2600,领益智造,184.0,87.86,-52.25%
2601,龙蟒佰利,251.0,208.27,-17.02%
2603,以岭药业,127.0,126.33,-0.53%
2604,*ST龙力,10.2,16.52,61.96%
2605,姚记扑克,31.0,26.59,-14.23%
2606,大连电瓷,29.7,42.24,42.22%
2607,亚夏汽车,58.8,64.79,10.19%
2608,江苏国信,279.0,180.74,-35.22%
2609,捷顺科技,39.8,29.76,-25.23%
2610,爱康科技,78.1,81.73,4.65%
2611,东方精工,75.9,77.91,2.65%
2612,朗姿股份,36.0,25.63,-28.81%
2613,北玻股份,26.8,15.53,-42.05%
2614,奥佳华,93.1,80.59,-13.44%
2615,哈尔斯,23.1,22.68,-1.82%
2616,长青集团,51.9,49.09,-5.41%
2617,露笑科技,47.0,52.12,10.89%
2618,丹邦科技,73.5,92.2,25.44%
2619,艾格拉斯,66.4,84.89,27.85%
2620,瑞和股份,22.3,8.74,-60.81%
2621,三垒股份,72.4,106.24,46.74%
2622,融钰集团,29.0,31.12,7.31%
2623,亚玛顿,25.1,1.31,-94.78%
2624,完美世界,343.0,224.76,-34.47%
2625,光启技术,218.0,95.21,-56.33%
2626,金达威,74.7,81.17,8.66%
2627,宜昌交运,21.1,10.86,-48.53%
2628,成都路桥,36.4,41.11,12.94%
2630,华西能源,36.6,47.3,29.23%
2631,德尔未来,44.9,48.3,7.57%
2632,道明光学,45.1,46.38,2.84%
2633,申科股份,12.6,24.84,97.14%
2634,棒杰股份,23.5,23.38,-0.51%
2635,安洁科技,86.0,43.09,-49.90%
2636,金安国纪,55.9,33.18,-40.64%
2637,赞宇科技,30.9,25.04,-18.96%
2638,勤上股份,43.1,45.56,5.71%
2639,雪人股份,43.5,45.16,3.82%
2640,跨境通,171.0,149.0,-12.87%
2641,永高股份,39.1,34.27,-12.35%
2642,荣之联,46.8,37.94,-18.93%
2643,万润股份,93.9,101.94,8.56%
2644,佛慈制药,40.0,52.92,32.30%
2645,华宏科技,26.5,22.31,-15.81%
2646,青青稞酒,49.4,56.97,15.32%
2647,仁东控股,78.8,106.46,35.10%
2648,卫星石化,105.0,126.31,20.30%
2649,博彦科技,41.9,38.53,-8.04%
2650,加加食品,41.1,34.74,-15.47%
2651,利君股份,47.8,29.5,-38.28%
2652,扬子新材,21.5,27.64,28.56%
2653,海思科,110.0,77.5,-29.55%
2654,万润科技,37.8,33.88,-10.37%
2655,共达电声,24.8,37.46,51.05%
2656,摩登大道,40.3,36.0,-10.67%
2657,中科金财,44.8,41.39,-7.61%
2658,雪迪龙,43.1,33.65,-21.93%
2659,凯文教育,36.7,30.31,-17.41%
2660,茂硕电源,18.6,22.9,23.12%
2661,克明面业,40.8,43.99,7.82%
2662,京威股份,61.8,72.11,16.68%
2663,普邦股份,48.7,45.15,-7.29%
2664,长鹰信质,51.1,59.94,17.30%
2665,首航节能,73.6,85.65,16.37%
2666,德联集团,31.0,25.61,-17.39%
2667,鞍重股份,16.6,15.71,-5.36%
2668,奥马电器,52.1,48.39,-7.12%
2669,康达新材,27.9,20.47,-26.63%
2670,国盛金控,202.0,142.16,-29.62%
2671,龙泉股份,20.6,9.63,-53.25%
2672,东江环保,102.0,95.64,-6.24%
2674,兴业科技,25.9,11.54,-55.44%
2675,东诚药业,66.0,68.28,3.45%
2676,顺威股份,22.6,23.85,5.53%
2677,浙江美大,67.1,53.58,-20.15%
2678,珠江钢琴,79.6,79.74,0.18%
2679,福建金森,43.9,89.57,104.03%
2681,奋达科技,99.3,82.42,-17.00%
2682,龙洲股份,25.8,21.77,-15.62%
2683,宏大爆破,58.9,61.23,3.96%
2684,猛狮科技,39.7,46.2,16.37%
2685,华东重机,53.0,53.54,1.02%
2686,亿利达,31.1,37.79,21.51%
2687,乔治白,22.5,24.17,7.42%
2688,金河生物,29.4,28.85,-1.87%
2689,远大智能,36.5,40.99,12.30%
2690,美亚光电,143.0,106.89,-25.25%
2691,冀凯股份,26.0,37.07,42.58%
2692,睿康股份,33.2,37.19,12.02%
2693,双成药业,16.7,26.23,57.07%
2694,顾地科技,26.6,35.54,33.61%
2695,煌上煌,52.5,56.15,6.95%
2696,百洋股份,35.3,26.22,-25.72%
2698,博实股份,67.5,66.34,-1.72%
2699,美盛文化,50.1,50.58,0.96%
2700,新疆浩源,43.4,53.14,22.44%
2701,奥瑞金,117.0,119.04,1.74%
2702,海欣食品,20.1,18.54,-7.76%
2703,浙江世宝,37.1,35.74,-3.67%
2705,新宝股份,75.6,59.15,-21.76%
2706,良信电器,48.3,40.7,-15.73%
2707,众信旅游,54.4,49.21,-9.54%
2708,光洋股份,42.2,41.57,-1.49%
2709,天赐材料,75.8,70.62,-6.83%
2711,欧浦智网,43.8,46.27,5.64%
2712,思美传媒,36.4,27.68,-23.96%
2713,东易日盛,43.3,37.29,-13.88%
2714,牧原股份,630.0,388.06,-38.40%
2715,登云股份,15.0,42.06,180.40%
2716,金贵银业,66.9,46.47,-30.54%
2717,岭南股份,89.9,74.47,-17.16%
2718,友邦吊顶,24.7,17.42,-29.47%
2719,麦趣尔,19.6,21.3,8.67%
2721,金一文化,52.1,51.08,-1.96%
2722,金轮股份,25.8,9.7,-62.40%
2723,金莱特,17.5,33.45,91.14%
2724,海洋王,41.2,25.72,-37.57%
2725,跃岭股份,22.5,24.42,8.53%
2726,龙大肉食,56.7,59.41,4.78%
2727,一心堂,107.0,91.19,-14.78%
2728,特一药业,27.8,36.32,30.65%
2729,好利来,15.3,50.43,229.61%
2730,电光科技,22.7,26.93,18.63%
2731,萃华珠宝,27.1,49.51,82.69%
2732,燕塘乳业,25.7,43.54,69.42%
2733,雄韬股份,52.6,63.7,21.10%
2734,利民股份,29.1,17.79,-38.87%
2735,王子新材,18.3,59.42,224.70%
2737,葵花药业,80.8,84.93,5.11%
2738,中矿资源,37.1,48.08,29.60%
2739,万达电影,376.0,406.99,8.24%
2740,爱迪尔,18.4,8.86,-51.85%
2741,光华科技,56.4,83.22,47.55%
2742,三圣股份,35.0,33.97,-2.94%
2743,富煌钢构,20.4,17.02,-16.57%
2745,木林森,154.0,117.44,-23.74%
2746,仙坛股份,45.8,42.94,-6.24%
2747,埃斯顿,69.6,79.08,13.62%
2748,世龙实业,17.8,17.08,-4.04%
2749,国光股份,39.4,50.7,28.68%
2750,龙津药业,23.6,34.59,46.57%
2751,易尚展示,33.9,60.67,78.97%
2752,N兴股份,62.1,31.94,-48.57%
2753,永东股份,31.9,27.13,-14.95%
2755,东方新星,21.9,50.29,129.63%
2756,永兴特钢,44.7,20.35,-54.47%
2757,南兴装备,37.8,51.28,35.66%
2758,华通医药,15.8,26.67,68.80%
2759,天际股份,35.1,13.42,-61.77%
2760,凤形股份,13.1,26.09,99.16%
2761,多喜爱,32.3,63.01,95.08%
2763,汇洁股份,32.9,18.99,-42.28%
2765,蓝黛传动,27.0,29.31,8.56%
2766,索菱股份,26.6,22.64,-14.89%
2767,先锋电子,21.0,35.18,67.52%
2768,国恩股份,54.7,70.34,28.59%
2769,普路通,35.0,39.25,12.14%
2770,科迪乳业,31.9,22.81,-28.50%
2771,真视通,19.2,28.81,50.05%
2772,众兴菌业,25.1,16.75,-33.27%
2773,康弘药业,238.0,236.01,-0.84%
2774,快意电梯,28.4,25.61,-9.82%
2775,文科园林,31.6,25.84,-18.23%
2776,柏堡龙,64.3,65.3,1.56%
2777,久远银海,43.9,65.98,50.30%
2778,高科石化,15.1,31.62,109.40%
2779,中坚科技,22.2,42.71,92.39%
2780,三夫户外,14.3,20.91,46.22%
2781,奇信股份,34.7,27.68,-20.23%
2782,可立克,47.7,36.01,-24.51%
2783,凯龙股份,22.9,10.76,-53.01%
2785,万里石,19.7,27.61,40.15%
2786,银宝山新,26.2,28.91,10.34%
2787,华源控股,21.1,9.66,-54.22%
2788,鹭燕医药,25.1,17.01,-32.23%
2790,瑞尔特,29.1,11.42,-60.76%
2791,坚朗五金,34.0,11.52,-66.12%
2792,通宇通讯,74.8,92.99,24.32%
2793,东音股份,20.6,20.44,-0.78%
2795,永和智控,29.8,39.84,33.69%
2796,世嘉科技,41.1,83.73,103.72%
2798,帝欧家居,50.2,22.74,-54.70%
2799,环球印务,18.5,33.56,81.41%
2800,天顺股份,13.4,40.85,204.85%
2802,洪汇新材,22.4,44.97,100.76%
2803,吉宏股份,16.8,31.36,86.67%
2805,丰元股份,14.7,27.54,87.35%
2806,华锋股份,32.3,35.57,10.12%
2808,恒久科技,23.8,33.85,42.23%
2809,红墙股份,19.8,28.75,45.20%
2810,山东赫达,19.3,33.54,73.78%
2811,亚泰国际,30.1,22.36,-25.71%
2812,恩捷股份,220.0,170.33,-22.58%
2813,路畅科技,31.5,81.06,157.33%
2815,崇达技术,122.0,73.31,-39.91%
2816,和科达,17.4,41.76,140.00%
2817,黄山胶囊,15.6,24.06,54.23%
2818,富森美,94.4,56.04,-40.64%
2820,桂发祥,25.7,25.64,-0.23%
2821,凯莱英,164.0,265.59,61.95%
2822,中装建设,31.9,21.74,-31.85%
2823,凯中精密,31.2,26.53,-14.97%
2824,和胜股份,17.0,14.3,-15.88%
2826,易明医药,19.5,34.35,76.15%
2827,高争民爆,28.0,31.72,13.29%
2828,贝肯能源,24.6,31.89,29.63%
2829,星网宇达,30.6,61.83,102.06%
2831,裕同科技,168.0,134.79,-19.77%
2832,比音勒芬,57.1,74.21,29.96%
2833,弘亚数控,47.6,62.9,32.14%
2835,同为股份,16.3,9.93,-39.08%
2836,新宏泽,18.7,32.08,71.55%
2837,英维克,40.5,59.53,46.99%
2838,道恩股份,44.8,51.49,14.93%
2840,华统股份,34.7,38.19,10.06%
2841,视源股份,373.0,216.98,-41.83%
2842,翔鹭钨业,27.1,32.63,20.41%
2843,泰嘉股份,17.9,24.92,39.22%
2845,同兴达,33.9,54.42,60.53%
2846,英联股份,21.3,29.46,38.31%
2847,盐津铺子,26.9,51.08,89.89%
2848,高斯贝尔,20.5,41.88,104.29%
2849,威星智能,19.9,33.9,70.35%
2850,科达利,39.5,28.83,-27.01%
2851,麦格米特,67.6,79.24,17.22%
2852,道道全,36.6,17.22,-52.95%
2853,皮阿诺,27.0,26.75,-0.93%
2855,捷荣技术,21.7,17.33,-20.14%
2859,洁美科技,78.0,92.74,18.90%
2860,星帅尔,22.8,39.06,71.32%
2861,瀛通通讯,24.4,31.87,30.61%
2862,实丰文化,17.2,32.57,89.36%
2863,今飞凯达,25.0,32.42,29.68%
2864,盘龙药业,26.6,76.17,186.35%
2865,钧达股份,25.7,51.69,101.13%
2866,传艺科技,26.2,23.13,-11.72%
2867,周大生,130.0,91.8,-29.38%
2868,绿康生化,19.2,15.36,-20.00%
2869,金溢科技,20.3,20.86,2.76%
2870,香山股份,17.2,17.05,-0.87%
2871,伟隆股份,26.4,51.67,95.72%
2872,天圣制药,28.2,10.46,-62.91%
2873,新天药业,18.7,27.86,48.98%
2875,安奈儿,19.7,23.75,20.56%
2876,三利谱,24.5,63.61,159.63%
2877,智能自控,31.4,45.58,45.16%
2878,元隆雅图,33.7,70.26,108.49%
2879,长缆科技,27.8,21.88,-21.29%
2880,卫光生物,43.6,70.12,60.83%
2881,美格智能,33.5,55.84,66.69%
2882,金龙羽,45.4,27.34,-39.78%
2883,中设股份,17.3,46.45,168.50%
2884,凌霄泵业,27.3,9.17,-66.41%
2885,京泉华,25.6,44.06,72.11%
2886,沃特股份,19.1,32.82,71.83%
2888,惠威科技,24.1,51.13,112.16%
2889,东方嘉盛,34.3,43.99,28.25%
2890,弘宇股份,12.9,20.59,59.61%
2891,中宠股份,35.6,91.79,157.84%
2892,科力尔,22.6,50.69,124.29%
2893,华通热力,18.7,44.52,138.07%
2895,川恒股份,51.2,41.66,-18.63%
2896,中大力德,26.0,72.07,177.19%
2897,意华股份,34.2,43.66,27.66%
2898,赛隆药业,24.7,37.97,53.72%
2899,英派斯,18.2,9.88,-45.71%
2900,哈三联,38.6,25.95,-32.77%
2901,大博医疗,113.0,88.34,-21.82%
2902,铭普光磁,32.9,55.72,69.36%
2903,宇环数控,25.4,43.74,72.20%
2905,金逸影视,39.9,29.09,-27.09%
2906,华阳集团,50.0,34.58,-30.84%
2907,华森制药,76.7,67.57,-11.90%
2908,德生科技,24.1,43.68,81.24%
2909,集泰股份,18.3,32.11,75.46%
2910,庄园牧场,23.0,24.39,6.04%
2911,佛燃股份,96.1,76.03,-20.88%
2912,中新赛克,83.8,221.46,164.27%
2913,奥士康,61.5,67.74,10.15%
2915,中欣氟材,25.1,58.11,131.51%
2916,深南电路,239.0,263.45,10.23%
2917,金奥博,26.0,46.79,79.96%
2918,蒙娜丽莎,40.9,9.1,-77.75%
2919,名臣健康,16.9,31.69,87.51%
2920,德赛西威,109.0,66.58,-38.92%
2921,联诚精密,20.8,47.02,126.06%
2922,伊戈尔,24.2,23.29,-3.76%
2923,润都股份,27.2,42.12,54.85%
2925,盈趣科技,196.0,137.04,-30.08%
2927,泰永长征,49.0,109.04,122.53%
2928,华夏航空,80.3,58.64,-26.97%
2930,宏川智慧,63.6,71.18,11.92%
2931,锋龙股份,30.3,84.16,177.76%
2932,明德生物,30.7,104.91,241.73%
2935,天奥电子,51.2,114.91,124.43%
2938,鹏鼎控股,417.0,191.17,-54.16%
2940,昂利康,34.5,64.53,87.04%
2941,新疆交建,262.0,153.58,-41.38%
2942,新农股份,38.0,64.06,68.58%
2943,宇晶股份,37.3,72.15,93.43%
300001,特锐德,168.0,174.47,3.85%
300002,神州泰岳,69.6,50.13,-27.97%
300003,乐普医疗,329.0,285.85,-13.12%
300004,南风股份,19.5,13.35,-31.54%
300005,探路者,31.0,25.85,-16.61%
300006,莱美药业,31.5,33.89,7.59%
300007,汉威科技,31.9,37.74,18.31%
300008,天海防务,29.5,-2.93,-109.93%
300009,安科生物,129.0,111.4,-13.64%
300010,立思辰,64.4,66.37,3.06%
300011,鼎汉技术,40.1,40.63,1.32%
300012,华测检测,104.0,96.42,-7.29%
300013,新宁物流,29.0,38.74,33.59%
300014,亿纬锂能,139.0,160.1,15.18%
300015,爱尔眼科,618.0,478.45,-22.58%
300016,北陆药业,33.4,36.52,9.34%
300017,网宿科技,193.0,173.64,-10.03%
300018,中元股份,29.2,25.3,-13.36%
300019,硅宝科技,20.4,24.67,20.93%
300020,银江股份,45.7,45.73,0.07%
300021,大禹节水,36.0,39.82,10.61%
300022,吉峰科技,14.6,24.73,69.38%
300023,宝德股份,20.2,19.99,-1.04%
300024,机器人,218.0,227.15,4.20%
300025,华星创业,22.8,36.41,59.69%
300026,红日药业,94.2,86.93,-7.72%
300027,华谊兄弟,131.0,128.53,-1.89%
300029,天龙光电,10.0,4.52,-54.80%
300030,阳普医疗,17.2,22.78,32.44%
300031,宝通科技,50.6,46.99,-7.13%
300032,金龙机电,25.5,5.62,-77.96%
300033,同花顺,224.0,202.42,-9.63%
300034,钢研高纳,40.1,48.75,21.57%
300035,中科电气,26.3,30.35,15.40%
300036,超图软件,73.2,81.38,11.17%
300037,新宙邦,87.7,97.14,10.76%
300038,数知科技,119.0,123.13,3.47%
300039,上海凯宝,44.6,46.99,5.36%
300040,九洲电气,20.5,13.57,-33.80%
300041,回天新材,28.8,20.05,-30.38%
300042,朗科科技,18.3,13.19,-27.92%
300043,星辉娱乐,43.0,39.42,-8.33%
300044,赛为智能,52.3,45.28,-13.42%
300045,华力创通,54.7,46.84,-14.37%
300046,台基股份,24.7,29.62,19.92%
300047,天源迪科,48.3,42.34,-12.34%
300048,合康新能,30.6,36.58,19.54%
300049,福瑞股份,25.9,26.68,3.01%
300050,世纪鼎利,34.1,29.11,-14.63%
300051,三五互联,23.6,27.93,18.35%
300052,中青宝,26.6,42.51,59.81%
300053,欧比特,62.9,58.31,-7.30%
300054,鼎龙股份,61.7,58.71,-4.85%
300055,万邦达,69.8,80.44,15.24%
300056,三维丝,20.9,17.98,-13.97%
300057,万顺股份,28.3,16.08,-43.18%
300058,蓝色光标,99.3,113.12,13.92%
300059,东方财富,654.0,522.03,-20.18%
300061,康旗股份,47.3,31.86,-32.64%
300062,中能电气,16.8,20.7,23.21%
300063,天龙集团,27.2,23.37,-14.08%
300064,豫金刚石,57.6,50.2,-12.85%
300065,海兰信,44.6,38.13,-14.51%
300066,三川智慧,39.2,37.05,-5.48%
300067,安诺其,35.5,30.55,-13.94%
300068,南都电源,124.0,125.64,1.32%
300069,金利华电,12.7,26.82,111.18%
300070,碧水源,251.0,192.55,-23.29%
300071,华谊嘉信,26.8,28.81,7.50%
300072,三聚环保,215.0,214.48,-0.24%
300073,当升科技,118.0,138.12,17.05%
300074,华平股份,21.7,21.89,0.88%
300075,数字政通,46.8,47.11,0.66%
300076,GQY视讯,19.8,19.12,-3.43%
300077,国民技术,43.5,43.22,-0.64%
300078,思创医惠,77.6,66.74,-13.99%
300079,数码科技,50.7,46.62,-8.05%
300080,易成新能,26.5,24.57,-7.28%
300082,奥克股份,42.3,45.21,6.88%
300083,劲胜智能,40.8,45.53,11.59%
300084,海默科技,19.7,14.09,-28.48%
300085,银之杰,57.9,46.44,-19.79%
300086,康芝药业,26.8,30.71,14.59%
300087,荃银高科,42.4,59.99,41.49%
300088,长信科技,104.0,108.45,4.28%
300089,文化长城,26.6,18.87,-29.06%
300090,盛运环保,31.7,31.97,0.85%
300091,金通灵,45.2,48.91,8.21%
300092,科新机电,15.1,23.14,53.25%
300093,金刚玻璃,14.3,15.27,6.78%
300094,国联水产,41.6,46.54,11.87%
300095,华伍股份,19.8,21.61,9.14%
300096,易联众,39.6,56.43,42.50%
300097,智云股份,34.9,29.33,-15.96%
300098,高新兴,125.0,116.09,-7.13%
300099,精准信息,31.0,24.31,-21.58%
300100,双林股份,49.6,52.14,5.12%
300101,振芯科技,59.1,74.4,25.89%
300102,乾照光电,44.5,52.1,17.08%
300103,达刚路机,25.9,27.01,4.29%
300104,乐视网,110.0,84.42,-23.25%
300105,龙源技术,20.7,21.76,5.12%
300106,西部牧业,12.0,10.77,-10.25%
300107,建新股份,55.0,48.37,-12.05%
300108,吉药控股,34.2,37.14,8.60%
300109,新开源,30.4,44.75,47.20%
300110,华仁药业,38.4,42.91,11.74%
300111,向日葵,29.3,25.19,-14.03%
300112,万讯自控,19.3,19.9,3.11%
300113,顺网科技,91.9,79.78,-13.19%
300114,中航电测,47.9,51.28,7.06%
300115,长盈精密,76.2,86.55,13.58%
300116,坚瑞沃能,37.5,-28.48,-175.95%
300118,东方日升,57.9,64.64,11.64%
300119,瑞普生物,30.7,21.66,-29.45%
300120,经纬辉开,26.8,16.22,-39.48%
300121,阳谷华泰,33.1,30.72,-7.19%
300122,智飞生物,603.0,398.99,-33.83%
300123,亚光科技,52.9,40.16,-24.08%
300124,汇川技术,362.0,321.44,-11.20%
300125,易世达,25.2,38.98,54.68%
300126,锐奇股份,16.0,15.65,-2.19%
300127,银河磁体,37.5,32.63,-12.99%
300128,锦富技术,42.0,44.25,5.36%
300129,泰胜风能,26.7,22.66,-15.13%
300130,新国都,57.6,61.28,6.39%
300131,英唐智控,52.6,44.89,-14.66%
300132,青松股份,41.0,52.1,27.07%
300133,华策影视,138.0,137.19,-0.59%
300134,大富科技,78.5,82.24,4.76%
300135,宝利国际,26.1,30.74,17.78%
300136,信维通信,209.0,212.75,1.79%
300137,先河环保,45.6,45.58,-0.04%
300138,晨光生物,29.3,27.53,-6.04%
300139,晓程科技,21.3,16.8,-21.13%
300140,中环装备,32.7,41.05,25.54%
300141,和顺电气,21.1,21.08,-0.09%
300142,沃森生物,288.0,270.32,-6.14%
300143,星普医科,49.6,42.9,-13.51%
300144,宋城演艺,285.0,272.92,-4.24%
300145,中金环境,63.1,61.29,-2.87%
300146,汤臣倍健,246.0,193.0,-21.54%
300147,香雪制药,43.3,50.66,17.00%
300148,天舟文化,40.6,57.95,42.73%
300149,量子生物,74.8,86.61,15.79%
300151,昌红科技,27.3,21.25,-22.16%
300152,科融环境,17.7,21.69,22.54%
300153,科泰电源,24.0,31.41,30.88%
300154,瑞凌股份,23.4,18.59,-20.56%
300155,安居宝,24.8,19.54,-21.21%
300157,恒泰艾普,30.8,35.54,15.39%
300158,振东制药,40.0,47.39,18.48%
300159,新研股份,78.4,76.51,-2.41%
300160,秀强股份,22.0,23.19,5.41%
300161,华中数控,18.5,32.34,74.81%
300162,雷曼股份,18.7,12.01,-35.78%
300163,先锋新材,16.7,21.36,27.90%
300164,通源石油,29.6,26.16,-11.62%
300165,天瑞仪器,19.8,15.45,-21.97%
300166,东方国信,116.0,106.2,-8.45%
300167,迪威迅,16.3,26.17,60.55%
300168,万达信息,126.0,137.9,9.44%
300169,天晟新材,15.9,11.19,-29.62%
300170,汉得信息,91.5,83.13,-9.15%
300171,东富龙,44.0,30.53,-30.61%
300172,中电环保,28.5,26.12,-8.35%
300173,智慧松德,30.3,32.21,6.30%
300174,元力股份,29.2,48.44,65.89%
300175,朗源股份,20.1,28.12,39.90%
300176,鸿特科技,149.0,224.95,50.97%
300177,中海达,50.9,53.73,5.56%
300178,腾邦国际,54.3,61.94,14.07%
300179,四方达,20.7,20.89,0.92%
300180,华峰超纤,125.0,99.56,-20.35%
300181,佐力药业,31.9,34.91,9.44%
300182,捷成股份,113.0,130.45,15.44%
300183,东软载波,57.7,49.57,-14.09%
300184,力源信息,55.5,35.91,-35.30%
300185,通裕重工,56.9,57.47,1.00%
300187,永清环保,39.1,43.45,11.13%
300188,美亚柏科,113.0,91.55,-18.98%
300189,神农基因,27.0,22.27,-17.52%
300190,维尔利,40.3,42.04,4.32%
300191,潜能恒信,48.4,59.42,22.77%
300192,科斯伍德,21.0,26.14,24.48%
300193,佳士科技,35.9,34.97,-2.59%
300194,福安药业,40.0,36.77,-8.07%
300195,长荣股份,36.0,28.65,-20.42%
300196,长海股份,36.0,27.34,-24.06%
300197,铁汉生态,86.6,79.2,-8.55%
300198,纳川股份,31.0,23.91,-22.87%
300199,翰宇药业,86.2,81.41,-5.56%
300200,高盟新材,19.6,6.19,-68.42%
300201,海伦哲,42.8,46.61,8.90%
300202,聚龙股份,37.1,38.21,2.99%
300203,聚光科技,111.0,145.24,30.85%
300204,舒泰神,52.2,49.59,-5.00%
300205,天喻信息,38.1,43.16,13.28%
300206,理邦仪器,35.5,32.13,-9.49%
300207,欣旺达,136.0,131.19,-3.54%
300208,恒顺众N,47.9,50.07,4.53%
300209,天泽信息,37.4,48.58,29.89%
300210,森远股份,22.1,28.18,27.51%
300211,亿通科技,16.0,15.9,-0.62%
300212,易华录,99.3,132.9,33.84%
300213,佳讯飞鸿,38.7,34.91,-9.79%
300214,日科化学,25.1,16.04,-36.10%
300215,电科院,48.2,49.7,3.11%
300216,千山药机,15.0,36.79,145.27%
300217,东方电热,33.5,28.82,-13.97%
300218,安利股份,13.9,13.43,-3.38%
300219,鸿利智汇,56.3,49.78,-11.58%
300220,金运激光,12.8,32.15,151.17%
300221,银禧科技,28.4,25.91,-8.77%
300222,科大智能,114.0,95.05,-16.62%
300223,北京君正,38.3,49.98,30.50%
300224,正海磁材,52.3,51.53,-1.47%
300225,金力泰,22.9,25.19,10.00%
300226,上海钢联,77.3,170.78,120.93%
300227,光韵达,21.6,27.98,29.54%
300228,富瑞特装,27.9,34.54,23.80%
300229,拓尔思,44.4,53.04,19.46%
300230,永利股份,42.3,36.47,-13.78%
300231,银信科技,30.9,26.41,-14.53%
300232,洲明科技,69.7,64.88,-6.92%
300233,金城医药,55.1,49.58,-10.02%
300234,开尔新材,17.5,14.64,-16.34%
300235,方直科技,14.6,16.84,15.34%
300236,上海新阳,48.4,92.47,91.05%
300237,美晨生态,57.8,56.73,-1.85%
300238,冠昊生物,27.0,42.45,57.22%
300239,东宝生物,18.2,23.53,29.29%
300240,飞力达,27.7,39.45,42.42%
300241,瑞丰光电,29.2,30.64,4.93%
300242,佳云科技,29.1,25.27,-13.16%
300243,瑞丰高材,17.3,24.68,42.66%
300244,迪安诊断,85.2,83.35,-2.17%
300245,天玑科技,28.0,24.54,-12.36%
300246,宝莱特,16.8,31.78,89.17%
300247,乐金健康,31.9,31.69,-0.66%
300248,新开普,35.1,33.32,-5.07%
300249,依米康,30.6,37.4,22.22%
300250,初灵信息,27.2,19.33,-28.93%
300251,光线传媒,245.0,291.89,19.14%
300252,金信诺,64.0,63.12,-1.38%
300253,卫宁健康,166.0,137.15,-17.38%
300254,仟源医药,14.3,18.85,31.82%
300255,常山药业,39.4,38.86,-1.37%
300256,星星科技,32.5,38.73,19.17%
300257,开山股份,88.2,100.77,14.25%
300258,精锻科技,48.6,60.99,25.49%
300259,新天科技,39.3,28.5,-27.48%
300260,新莱应材,18.9,29.35,55.29%
300261,雅本化学,47.0,45.86,-2.43%
300262,巴安水务,38.4,34.86,-9.22%
300263,隆华科技,38.3,35.59,-7.08%
300264,佳创视讯,20.7,24.91,20.34%
300265,通光线缆,34.3,53.1,54.81%
300266,兴源环境,59.9,64.21,7.20%
300267,尔康制药,76.3,58.13,-23.81%
300268,佳沃股份,15.4,29.84,93.77%
300269,联建光电,35.4,25.72,-27.34%
300270,中威电子,22.3,21.06,-5.56%
300271,华宇软件,117.0,119.4,2.05%
300272,开能健康,32.3,27.6,-14.55%
300273,和佳股份,39.2,42.88,9.39%
300274,阳光电源,138.0,139.79,1.30%
300275,梅安森,13.2,19.5,47.73%
300276,三丰智能,61.1,42.69,-30.13%
300277,海联讯,20.4,30.89,51.42%
300278,华昌达,38.0,43.25,13.82%
300279,和晶科技,22.9,22.87,-0.13%
300280,紫天科技,47.5,97.35,104.95%
300281,金明精机,22.7,21.65,-4.63%
300282,三盛教育,30.1,13.61,-54.78%
300283,温州宏丰,20.0,21.72,8.60%
300284,苏交科,87.8,81.72,-6.92%
300285,国瓷材料,107.0,99.89,-6.64%
300287,飞利信,62.6,69.81,11.52%
300288,朗玛信息,46.2,53.42,15.63%
300289,利德曼,29.3,30.96,5.67%
300290,荣科科技,21.9,27.22,24.29%
300291,华录百纳,38.9,38.15,-1.93%
300292,吴通控股,55.3,50.24,-9.15%
300293,蓝英装备,19.9,29.82,49.85%
300294,博雅生物,111.0,122.94,10.76%
300296,利亚德,178.0,148.46,-16.60%
300297,蓝盾股份,65.7,63.16,-3.87%
300298,三诺生物,59.8,51.09,-14.57%
300299,富春股份,45.0,49.84,10.76%
300300,汉鼎宇佑,76.2,78.0,2.36%
300301,长方集团,29.5,21.81,-26.07%
300302,同有科技,33.7,32.14,-4.63%
300303,聚飞光电,33.1,29.41,-11.15%
300304,云意电气,38.7,44.1,13.95%
300305,裕兴股份,21.1,8.67,-58.91%
300306,远方信息,24.1,8.74,-63.73%
300307,慈星股份,40.9,38.37,-6.19%
300308,中际旭创,198.0,194.73,-1.65%
300309,吉艾科技,76.2,91.34,19.87%
300310,宜通世纪,51.0,38.98,-23.57%
300311,任子行,43.0,40.3,-6.28%
300312,邦讯技术,28.0,35.59,27.11%
300313,天山生物,21.0,2.53,-87.95%
300314,戴维医疗,25.0,30.7,22.80%
300315,掌趣科技,101.0,130.9,29.60%
300316,晶盛机电,131.0,141.62,8.11%
300317,珈伟新能,44.4,45.21,1.82%
300319,麦捷科技,52.0,55.37,6.48%
300320,海达股份,30.0,26.69,-11.03%
300321,同大股份,11.9,15.54,30.59%
300322,硕贝德,44.3,63.61,43.59%
300323,华灿光电,82.6,81.53,-1.30%
300324,旋极信息,108.0,90.66,-16.06%
300325,德威新材,41.0,36.5,-10.98%
300326,凯利泰,57.3,67.28,17.42%
300327,中颖电子,43.2,71.05,64.47%
300328,宜安科技,35.1,40.43,15.19%
300329,海伦钢琴,18.7,20.6,10.16%
300330,华虹计通,12.3,24.22,96.91%
300331,苏大维格,26.9,20.28,-24.61%
300332,天壕环境,33.7,28.86,-14.36%
300334,津膜科技,22.9,17.86,-22.01%
300335,迪森股份,23.6,19.72,-16.44%
300336,新文化,38.5,38.52,0.05%
300337,银邦股份,34.5,33.91,-1.71%
300338,开元股份,27.7,15.15,-45.31%
300339,润和软件,74.1,73.92,-0.24%
300340,科恒股份,32.4,42.08,29.88%
300341,麦迪电气,26.9,34.74,29.14%
300342,天银机电,34.7,43.75,26.08%
300343,联创互联,41.8,31.64,-24.31%
300344,太空智造,23.6,31.32,32.71%
300345,红宇新材,17.3,16.74,-3.24%
300346,南大光电,26.0,27.15,4.42%
300347,泰格医药,196.0,213.87,9.12%
300348,长亮科技,55.0,82.42,49.85%
300349,金卡智能,71.9,76.88,6.93%
300350,华鹏飞,29.9,27.82,-6.96%
300351,永贵电器,37.8,24.7,-34.66%
300352,北信源,55.2,42.31,-23.35%
300353,东土科技,53.2,53.22,0.04%
300354,东华测试,12.0,22.61,88.42%
300355,蒙草生态,67.2,64.97,-3.32%
300356,光一科技,26.8,33.81,26.16%
300357,我武生物,103.0,168.89,63.97%
300358,楚天科技,36.9,31.51,-14.61%
300359,全通教育,40.0,33.18,-17.05%
300360,炬华科技,31.0,21.86,-29.48%
300362,天翔环境,22.3,34.23,53.50%
300363,博腾股份,46.8,41.33,-11.69%
300364,中文在线,39.7,38.77,-2.34%
300365,恒华科技,83.7,90.47,8.09%
300366,创意信息,43.0,31.72,-26.23%
300367,东方网力,77.8,72.13,-7.29%
300368,汇金股份,32.0,31.1,-2.81%
300369,绿盟科技,74.3,70.25,-5.45%
300370,安控科技,28.5,32.59,14.35%
300371,汇中股份,15.7,24.38,55.29%
300373,扬杰科技,69.7,58.79,-15.65%
300374,恒通科技,24.6,20.94,-14.88%
300375,鹏翎股份,20.2,13.9,-31.19%
300376,易事特,104.0,107.35,3.22%
300377,赢时胜,86.2,78.98,-8.38%
300378,鼎捷软件,28.1,37.34,32.88%
300379,东方通,40.2,46.18,14.88%
300381,溢多利,32.7,33.65,2.91%
300382,斯莱克,32.2,34.8,8.07%
300383,光环新网,214.0,216.01,0.94%
300384,三联虹普,39.8,40.92,2.81%
300385,雪浪环境,18.6,14.96,-19.57%
300386,飞天诚信,45.2,35.24,-22.04%
300387,富邦股份,17.1,18.68,9.24%
300388,国祯环保,49.3,63.27,28.34%
300389,艾比森,48.6,52.91,8.87%
300390,天华超净,27.2,23.62,-13.16%
300391,康跃科技,24.8,14.91,-39.88%
300392,腾信股份,27.4,42.77,56.09%
300393,中来股份,40.5,30.48,-24.74%
300394,天孚通信,52.3,90.38,72.81%
300395,菲利华,47.0,68.41,45.55%
300396,迪瑞医疗,34.5,42.4,22.90%
300397,天和防务,25.1,33.21,32.31%
300398,飞凯材料,68.0,79.45,16.84%
300399,京天利,18.3,34.75,89.89%
300400,劲拓股份,36.3,61.67,69.89%
300401,花园生物,58.1,68.72,18.28%
300402,宝色股份,16.4,18.37,12.01%
300403,汉宇集团,30.9,27.1,-12.30%
300404,博济医药,15.7,36.58,132.99%
300405,科隆股份,12.2,7.81,-35.98%
300406,九强生物,50.4,51.24,1.67%
300407,凯发电气,22.1,30.74,39.10%
300408,三环集团,276.0,262.85,-4.76%
300409,道氏技术,51.4,-27.5,-153.50%
300410,正业科技,41.9,45.87,9.47%
300411,金盾股份,38.9,20.13,-48.25%
300412,迦南科技,17.6,28.08,59.55%
300413,芒果超媒,376.0,203.62,-45.85%
300414,中光防雷,26.8,46.25,72.57%
300415,伊之密,27.7,33.58,21.23%
300416,苏试试验,26.2,46.8,78.63%
300418,昆仑万维,154.0,90.58,-41.18%
300419,浩丰科技,20.6,14.53,-29.47%
300420,五洋停车,38.1,33.44,-12.23%
300421,力星股份,17.5,3.92,-77.60%
300422,博世科,36.8,45.06,22.45%
300424,航新科技,36.7,61.33,67.11%
300425,环能科技,31.5,33.7,6.98%
300426,唐德影视,27.8,33.87,21.83%
300427,红相股份,40.9,37.13,-9.22%
300428,四通新材,35.4,39.83,12.51%
300429,强力新材,78.7,103.3,31.26%
300430,诚益通,22.9,17.06,-25.50%
300431,暴风集团,29.1,80.07,175.15%
300432,富临精工,30.6,23.76,-22.35%
300433,蓝思科技,263.0,267.65,1.77%
300434,金石东方,36.7,28.43,-22.53%
300435,中泰股份,24.2,31.89,31.78%
300436,广生堂,34.6,93.7,170.81%
300437,清水源,28.0,25.85,-7.68%
300438,鹏辉能源,47.9,48.51,1.27%
300439,美康生物,47.7,51.2,7.34%
300440,运达科技,28.5,33.26,16.70%
300441,鲍斯股份,45.9,35.1,-23.53%
300442,普丽盛,13.4,17.83,33.06%
300443,金雷风电,28.0,22.36,-20.14%
300444,双杰电气,39.7,39.02,-1.71%
300445,康斯特,17.2,27.17,57.97%
300446,乐凯新材,19.1,35.9,87.96%
300447,全信股份,33.3,27.87,-16.31%
300448,浩云科技,41.9,44.78,6.87%
300449,汉邦高科,26.5,28.32,6.87%
300450,先导智能,239.0,192.65,-19.39%
300451,创业软件,88.4,96.95,9.67%
300452,山河药辅,19.0,38.53,102.79%
300453,三鑫医疗,19.2,32.51,69.32%
300454,深信服,365.0,302.59,-17.10%
300455,康拓红外,33.7,40.62,20.53%
300456,耐威科技,69.8,96.45,38.18%
300457,赢合科技,103.0,101.84,-1.13%
300458,全志科技,68.1,77.8,14.24%
300459,金科文化,143.0,115.34,-19.34%
300460,惠伦晶体,15.2,23.61,55.33%
300461,田中精机,23.6,55.93,136.99%
300462,华铭智能,23.4,42.65,82.26%
300463,迈克生物,80.7,81.24,0.67%
300464,星徽精密,15.4,19.79,28.51%
300465,高伟达,28.1,36.54,30.04%
300466,赛摩电气,31.8,27.54,-13.40%
300467,迅游科技,52.4,31.1,-40.65%
300468,四方精创,24.5,38.17,55.80%
300469,信息发展,22.4,67.4,200.89%
300470,日机密封,41.0,72.03,75.68%
300471,厚普股份,23.7,28.78,21.43%
300472,新元科技,18.6,6.57,-64.68%
300473,德尔股份,36.3,49.82,37.25%
300474,景嘉微,94.9,121.54,28.07%
300475,聚隆科技,17.5,13.9,-20.57%
300476,胜宏科技,88.6,101.28,14.31%
300477,合纵科技,53.9,49.28,-8.57%
300478,杭州高新,17.4,39.07,124.54%
300479,神思电子,23.3,49.92,114.25%
300480,光力科技,17.8,19.37,8.82%
300482,万孚生物,84.7,102.25,20.72%
300484,蓝海华腾,23.9,36.29,51.84%
300486,东杰智能,22.0,24.24,10.18%
300487,蓝晓科技,50.9,86.65,70.24%
300488,恒锋工具,26.0,39.78,53.00%
300489,中飞股份,11.6,24.36,110.00%
300490,华自科技,37.3,37.3,0.00%
300491,通合科技,24.6,50.11,103.70%
300492,山鼎设计,17.1,55.96,227.25%
300493,润欣科技,30.9,36.02,16.57%
300495,美尚生态,78.4,62.86,-19.82%
300496,中科创达,104.0,124.63,19.84%
300497,富祥股份,40.4,54.95,36.01%
300498,温氏股份,1478.0,1072.08,-27.46%
300499,高澜股份,17.9,31.06,73.52%
300500,启迪设计,31.1,40.83,31.29%
300501,海顺新材,17.8,24.43,37.25%
300502,新易盛,51.5,77.55,50.58%
300503,昊志机电,23.1,32.33,39.96%
300504,天邑股份,75.3,78.43,4.16%
300506,名家汇,51.9,41.18,-20.66%
300507,苏奥传感,21.7,31.73,46.22%
300508,维宏股份,23.6,63.69,169.87%
300509,新美星,18.4,30.3,64.67%
300510,金冠股份,47.3,26.63,-43.70%
300511,雪榕生物,27.2,21.02,-22.72%
300512,中亚股份,34.5,26.66,-22.72%
300513,恒泰实达,40.0,18.39,-54.02%
300514,友讯达,25.4,40.99,61.38%
300515,三德科技,18.6,26.79,44.03%
300517,海波重科,14.8,29.59,99.93%
300518,盛讯达,21.6,33.0,52.78%
300519,新光药业,22.3,32.06,43.77%
300520,科大国创,31.6,55.38,75.25%
300521,爱司凯,13.5,18.81,39.33%
300522,世名科技,19.8,29.32,48.08%
300523,辰安科技,83.9,204.32,143.53%
300525,博思软件,32.1,86.6,169.78%
300526,中潜股份,19.9,32.55,63.57%
300527,中国应急,63.7,33.58,-47.28%
300528,幸福蓝海,32.9,28.72,-12.71%
300529,健帆生物,168.0,155.51,-7.43%
300530,达志科技,21.8,63.93,193.26%
300531,优博讯,47.1,62.26,32.19%
300532,今天国际,29.6,37.03,25.10%
300534,陇神戎发,18.0,19.98,11.00%
300535,达威股份,13.8,20.47,48.33%
300537,广信材料,20.2,10.48,-48.12%
300539,横河模具,18.0,28.08,56.00%
300540,深冷股份,15.9,32.23,102.70%
300541,先进数通,25.9,39.3,51.74%
300542,新晨科技,22.3,37.58,68.52%
300543,朗科智能,20.3,32.52,60.20%
300545,联得装备,28.5,52.26,83.37%
300546,雄帝科技,35.0,75.24,114.97%
300547,川环科技,20.9,30.44,45.65%
300548,博创科技,30.6,84.9,177.45%
300549,优德精密,16.1,23.61,46.65%
300550,和仁科技,37.4,135.12,261.28%
300551,古鳌科技,12.8,25.47,98.98%
300552,万集科技,16.7,30.09,80.18%
300554,三超新材,18.1,38.38,112.04%
300555,路通视信,18.0,21.85,21.39%
300556,丝路视觉,19.6,46.47,137.09%
300557,理工光科,13.1,59.37,353.21%
300558,贝达药业,127.0,133.35,5.00%
300559,佳发教育,52.7,117.75,123.43%
300561,汇金科技,22.8,32.61,43.03%
300563,神宇股份,20.3,55.95,175.62%
300565,科信技术,31.4,43.41,38.25%
300566,激智科技,20.6,36.23,75.87%
300567,精测电子,82.3,163.85,99.09%
300568,星源材质,43.4,46.67,7.53%
300570,太辰光,43.5,46.15,6.09%
300571,平治信息,49.5,120.79,144.02%
300572,安车检测,55.0,140.34,155.16%
300573,兴齐眼药,13.9,31.55,126.98%
300575,中旗股份,31.9,52.4,64.26%
300576,容大感光,17.5,33.34,90.51%
300577,开润股份,64.9,101.15,55.86%
300578,会畅通讯,24.0,54.36,126.50%
300579,数字认证,28.6,64.15,124.30%
300580,贝斯特,27.0,19.16,-29.04%
300581,晨曦航空,24.1,38.76,60.83%
300582,英飞特,20.4,21.21,3.97%
300583,赛托生物,36.7,29.66,-19.18%
300584,海辰药业,27.3,59.41,117.62%
300585,奥联电子,15.0,28.31,88.73%
300586,美联新材,26.6,32.64,22.71%
300587,天铁股份,20.3,19.44,-4.24%
300588,熙菱信息,19.7,43.17,119.14%
300589,江龙船艇,24.6,44.73,81.83%
300591,万里马,18.7,23.5,25.67%
300592,华凯创意,11.7,22.1,88.89%
300593,新雷能,20.3,48.86,140.69%
300595,欧普康视,90.2,149.08,65.28%
300596,利安隆,48.3,82.24,70.27%
300598,诚迈科技,17.1,49.55,189.77%
300599,雄塑科技,31.5,16.3,-48.25%
300600,瑞特股份,35.6,46.03,29.30%
300601,康泰生物,206.0,175.7,-14.71%
300602,飞荣达,68.9,105.6,53.27%
300603,立昂技术,26.4,73.84,179.70%
300604,长川科技,46.2,105.55,128.46%
300605,恒锋信息,16.9,33.75,99.70%
300607,拓斯达,42.3,82.0,93.85%
300608,思特奇,19.2,43.96,128.96%
300609,汇纳科技,30.0,84.81,182.70%
300610,晨化股份,19.3,15.91,-17.56%
300611,美力科技,16.2,18.31,13.02%
300613,富瀚微,42.4,208.83,392.52%
300616,尚品宅配,120.0,171.07,42.56%
300617,安靠智电,23.6,39.08,65.59%
300618,寒锐钴业,136.0,202.55,48.93%
300619,金银河,21.7,66.5,206.45%
300620,光库科技,40.4,121.71,201.26%
300621,维业股份,20.8,19.39,-6.78%
300622,博士眼镜,15.1,25.79,70.79%
300623,捷捷微电,45.0,53.23,18.29%
300624,万兴科技,37.1,106.31,186.55%
300625,三雄极光,40.3,19.3,-52.11%
300626,华瑞股份,16.1,29.23,81.55%
300627,华测导航,44.6,66.48,49.06%
300629,新劲刚,17.4,46.86,169.31%
300630,普利制药,80.0,154.7,93.37%
300631,久吾高科,15.9,30.84,93.96%
300632,光莆股份,25.2,39.89,58.29%
300633,开立医疗,100.0,93.25,-6.75%
300634,彩讯股份,102.0,79.99,-21.58%
300635,达安股份,26.0,49.64,90.92%
300636,同和药业,15.2,29.19,92.04%
300637,扬帆新材,33.1,64.92,96.13%
300638,广和通,34.0,82.0,141.18%
300639,凯普生物,25.8,39.1,51.55%
300640,德艺文创,14.7,19.94,35.65%
300642,透景生命,33.6,69.07,105.57%
300643,万通智控,18.0,27.03,50.17%
300644,南京聚隆,22.3,63.72,185.74%
300647,超频三,33.4,45.35,35.78%
300648,星云股份,24.3,49.28,102.80%
300649,杭州园林,29.8,63.41,112.79%
300650,太龙照明,14.9,22.91,53.76%
300651,金陵体育,37.1,131.48,254.39%
300652,雷迪克,17.7,22.5,27.12%
300653,正海生物,36.3,124.02,241.65%
300654,世纪天鸿,19.6,36.61,86.79%
300655,晶瑞股份,20.9,40.78,95.12%
300656,民德电子,19.1,45.93,140.47%
300657,弘信电子,32.3,84.27,160.90%
300658,延江股份,17.8,17.92,0.67%
300659,中孚信息,26.9,66.32,146.54%
300660,江苏雷利,36.3,12.43,-65.76%
300661,圣邦股份,57.4,201.82,251.60%
300662,科锐国际,50.2,86.77,72.85%
300663,科蓝软件,28.5,57.13,100.46%
300664,鹏鹞环保,49.1,28.13,-42.71%
300665,飞鹿股份,13.4,25.97,93.81%
300666,江丰电子,89.6,154.15,72.04%
300668,杰恩设计,19.1,37.58,96.75%
300670,大烨智能,32.9,49.0,48.94%
300671,富满电子,25.0,48.61,94.44%
300672,国科微,42.8,110.08,157.20%
300673,佩蒂股份,48.1,95.08,97.67%
300674,宇信科技,124.0,101.61,-18.06%
300675,建科院,39.6,100.35,153.41%
300676,华大基因,240.0,272.15,13.40%
300677,英科医疗,29.7,35.08,18.11%
300678,中科信息,35.3,60.91,72.55%
300679,电连技术,65.1,42.58,-34.59%
300680,隆盛科技,12.9,28.25,118.99%
300681,英搏尔,27.4,74.9,173.36%
300682,朗新科技,70.8,72.91,2.98%
300683,海特生物,28.3,13.69,-51.63%
300685,艾德生物,53.9,121.81,125.99%
300686,智动力,23.1,35.88,55.32%
300687,赛意信息,29.7,40.89,37.68%
300688,创业黑马,26.5,109.81,314.38%
300689,澄天伟业,20.9,60.27,188.37%
300691,联合光电,31.7,61.31,93.41%
300692,中环环保,21.6,34.37,59.12%
300693,盛弘股份,22.2,35.64,60.54%
300694,蠡湖股份,46.9,58.52,24.78%
300695,兆丰股份,37.3,22.54,-39.57%
300696,爱乐达,27.4,51.63,88.43%
300697,电工合金,25.1,27.12,8.05%
300698,万马科技,24.1,54.17,124.77%
300699,光威复材,139.0,154.24,10.96%
300700,岱勒新材,22.5,60.99,171.07%
300701,森霸传感,26.1,69.97,168.08%
300702,天宇股份,36.6,44.69,22.10%
300703,创源文化,18.3,21.52,17.60%
300705,九典制药,27.3,35.38,29.60%
300706,阿石创,35.3,77.88,120.62%
300707,威唐工业,27.2,46.4,70.59%
300708,聚灿光电,28.0,44.61,59.32%
300709,精研科技,23.9,21.92,-8.28%
300710,万隆光电,16.8,39.2,133.33%
300711,广哈通信,32.4,61.69,90.40%
300713,英可瑞,21.0,35.45,68.81%
300715,凯伦股份,24.9,49.66,99.44%
300716,国立科技,18.1,17.91,-1.05%
300717,华信新材,14.9,20.16,35.30%
300718,长盛轴承,30.0,26.81,-10.63%
300719,安达维尔,29.9,42.0,40.47%
300721,怡达股份,16.1,8.84,-45.09%
300722,新余国科,25.8,80.46,211.86%
300723,一品红,44.5,64.96,45.98%
300724,捷佳伟创,99.0,92.26,-6.81%
300725,药石科技,57.0,162.3,184.74%
300726,宏达电子,73.5,57.12,-22.29%
300729,乐歌股份,19.8,35.6,79.80%
300730,科创信息,29.5,60.66,105.63%
300731,科创新源,21.3,44.83,110.47%
300732,设研院,45.5,49.38,8.53%
300733,西菱动力,26.5,29.09,9.77%
300735,光弘科技,61.8,44.58,-27.86%
300736,百邦科技,17.6,44.95,155.40%
300737,科顺股份,56.0,31.78,-43.25%
300738,奥飞数据,26.5,83.9,216.60%
300739,明阳电路,41.2,43.31,5.12%
300740,御家汇,49.0,47.94,-2.16%
300741,华宝股份,196.0,94.53,-51.77%
300742,越博动力,31.6,67.26,112.85%
300743,天地数码,25.4,98.26,286.85%
300745,欣锐科技,40.7,80.55,97.91%
300746,汉嘉设计,46.9,64.42,37.36%
300747,锐科激光,169.0,352.96,108.85%
300748,金力永磁,112.0,89.86,-19.77%
300749,顶固集创,29.3,56.52,92.90%
300750,宁德时代,1653.0,563.5,-65.91%
300751,迈为股份,72.5,314.81,334.22%
300752,隆利科技,44.5,125.31,181.60%
300760,迈瑞医疗,1275.0,471.82,-62.99%
